step,episode,epoch,epoch step,epoch_episode,episode step,score,epsilon,beta,avg_pos_reward_ratio,avg_neg_reward_ratio,avg_loss
15,0,0,15,1,14,0.0,1.5,,0.0,0.0,0.0
29,1,0,29,2,13,0.0,1.4969999999999999,,0.0,0.0,0.0
43,2,0,43,3,13,0.0,1.494006,,0.0,0.0,0.0
57,3,0,57,4,13,0.0,1.4910179879999998,,0.0,0.0,0.0
72,4,0,72,5,14,0.0,1.4880359520239999,,0.0,0.0,0.00012652653276745696
92,5,0,92,6,19,0.0,1.485059880119952,,0.0,0.0,8.51425013804276e-05
106,6,0,106,7,13,0.0,1.482089760359712,,0.0,0.0,7.175469736033673e-05
137,7,0,137,8,30,0.05000000074505806,1.4791255808389927,,0.0,0.0,5.737777673352361e-05
151,8,0,151,9,13,0.0,1.4761673296773148,,0.0,0.0,5.40242677151434e-05
165,9,0,165,10,13,0.0,1.47321499501796,,0.0,0.0,4.8745654839876804e-05
180,10,0,180,11,14,0.0,1.4702685650279241,,0.0,0.0,4.442627166632707e-05
194,11,0,194,12,13,0.0,1.4673280278978682,,0.0,0.0,4.216577431529563e-05
226,12,0,226,13,31,0.05000000074505806,1.4643933718420725,,0.0,0.0,4.00764988906887e-05
240,13,0,240,14,13,0.0,1.4614645850983883,,0.0,0.0,3.878583223385331e-05
272,14,0,272,15,31,0.05000000074505806,1.4585416559281914,,0.0,0.0,3.212977102975856e-05
286,15,0,286,16,13,0.0,1.455624572616335,,0.0,0.0,2.8914244680890988e-05
317,16,0,317,17,30,0.05000000074505806,1.4527133234711023,,0.0,0.0,2.9318124857127258e-05
331,17,0,331,18,13,0.0,1.4498078968241601,,0.0,0.0,2.7154197164236392e-05
363,18,0,363,19,31,0.05000000074505806,1.4469082810305118,,0.0,0.0,2.925274206518225e-05
377,19,0,377,20,13,0.0,1.4440144644684507,,0.0,0.0,3.176185362917749e-05
391,20,0,391,21,13,0.0,1.441126435539514,,0.0,0.0,3.4912293399429474e-05
405,21,0,405,22,13,0.0,1.438244182668435,,0.0,0.0,3.7677398390769666e-05
419,22,0,419,23,13,0.0,1.435367694303098,,0.0,0.0,3.82821166431313e-05
433,23,0,433,24,13,0.0,1.4324969589144918,,0.0,0.0,3.8759140538786595e-05
463,24,0,463,25,29,0.05000000074505806,1.429631964996663,,0.0,0.0,4.1281648136646255e-05
477,25,0,477,26,13,0.0,1.4267727010666695,,0.0,0.0,4.34167067760427e-05
491,26,0,491,27,13,0.0,1.423919155664536,,0.0,0.0,4.301169117752579e-05
505,27,0,505,28,13,0.0,1.421071317353207,,0.0,0.0,4.263464378709614e-05
519,28,0,519,29,13,0.0,1.4182291747185005,,0.0,0.0,4.0534902618674094e-05
534,29,0,534,30,14,0.0,1.4153927163690636,,0.0,0.0,4.112870283279335e-05
565,30,0,565,31,30,0.05000000074505806,1.4125619309363255,,0.0,0.0,3.904442984094203e-05
596,31,0,596,32,30,0.05000000074505806,1.409736807074453,,0.0,0.0,3.307169159597834e-05
610,32,0,610,33,13,0.0,1.406917333460304,,0.0,0.0,3.21977216481173e-05
624,33,0,624,34,13,0.0,1.4041034987933834,,0.0,0.0,3.107572079898091e-05
639,34,0,639,35,14,0.0,1.4012952917957966,,0.0,0.0,3.0102794034974068e-05
653,35,0,653,36,13,0.0,1.398492701212205,,0.0,0.0,3.1057463093020485e-05
667,36,0,667,37,13,0.0,1.3956957158097807,,0.0,0.0,2.9463916862368934e-05
681,37,0,681,38,13,0.0,1.3929043243781611,,0.0,0.0,2.8671396512436333e-05
710,38,0,710,39,28,0.05000000074505806,1.390118515729405,,0.0,0.0,2.9310208910828807e-05
725,39,0,725,40,14,0.0,1.387338278697946,,0.0,0.0,2.958572411444038e-05
756,40,0,756,41,30,0.05000000074505806,1.38456360214055,,0.0,0.0,3.1867171528574545e-05
785,41,0,785,42,28,0.05000000074505806,1.381794474936269,,0.0,0.0,3.2218604419540495e-05
818,42,0,818,43,32,0.05000000074505806,1.3790308859863964,,0.0,0.0,3.679532204841962e-05
831,43,0,831,44,12,0.0,1.3762728242144238,,0.0,0.0,3.82584665203467e-05
862,44,0,862,45,30,0.05000000074505806,1.373520278565995,,0.0,0.0,4.009500467873295e-05
892,45,0,892,46,29,0.05000000074505806,1.370773238008863,,0.0,0.0,4.360471602012694e-05
907,46,0,907,47,14,0.0,1.3680316915328454,,0.0,0.0,4.559237649118586e-05
921,47,0,921,48,13,0.0,1.3652956281497797,,0.0,0.0,4.85017317441816e-05
935,48,0,935,49,13,0.0,1.36256503689348,,0.0,0.0,4.81269104511739e-05
966,49,0,966,50,30,0.05000000074505806,1.3598399068196931,,0.0,0.0,4.767019519931637e-05
980,50,0,980,51,13,0.0,1.3571202270060538,,0.0,0.0,4.927852556647849e-05
994,51,0,994,52,13,0.0,1.3544059865520417,,0.0,0.0,4.7676105905338775e-05
1008,52,0,1008,53,13,0.0,1.3516971745789377,,0.0,0.0,4.559249136946164e-05
1022,53,0,1022,54,13,0.0,1.3489937802297798,,0.0,0.0,4.4615672541112874e-05
1037,54,0,1037,55,14,0.0,1.3462957926693202,,0.0,0.0,4.445769734957139e-05
1051,55,0,1051,56,13,0.0,1.3436032010839816,,0.0,0.0,4.27415423837374e-05
1065,56,0,1065,57,13,0.0,1.3409159946818137,,0.0,0.0,4.363301857665647e-05
1095,57,0,1095,58,29,0.05000000074505806,1.33823416269245,,0.0,0.0,4.2685720000008584e-05
1126,58,0,1126,59,30,0.05000000074505806,1.3355576943670653,,0.0,0.0,3.974225700403622e-05
1140,59,0,1140,60,13,0.0,1.332886578978331,,0.0,0.0,4.201050222945923e-05
1155,60,0,1155,61,14,0.0,1.3302208058203744,,0.0,0.0,4.167168513049546e-05
1169,61,0,1169,62,13,0.0,1.3275603642087337,,0.0,0.0,4.01160745514062e-05
1183,62,0,1183,63,13,0.0,1.3249052434803161,,0.0,0.0,3.919893628335558e-05
1197,63,0,1197,64,13,0.0,1.3222554329933556,,0.0,0.0,3.8894739800525714e-05
1212,64,0,1212,65,14,0.0,1.3196109221273689,,0.0,0.0,4.014978120721935e-05
1226,65,0,1226,66,13,0.0,1.316971700283114,,0.0,0.0,3.91532659978111e-05
1240,66,0,1240,67,13,0.0,1.3143377568825478,,0.0,0.0,4.048594540108752e-05
1254,67,0,1254,68,13,0.0,1.3117090813687828,,0.0,0.0,4.037158508253924e-05
1268,68,0,1268,69,13,0.0,1.3090856632060452,,0.0,0.0,3.9776811890988026e-05
1283,69,0,1283,70,14,0.0,1.306467491879633,,0.0,0.0,3.9143033709478915e-05
1314,70,0,1314,71,30,0.05000000074505806,1.3038545568958737,,0.0,0.0,3.880754969031841e-05
1329,71,0,1329,72,14,0.0,1.301246847782082,,0.0,0.0,4.002158864750527e-05
1343,72,0,1343,73,13,0.0,1.2986443540865178,,0.0,0.0,3.801567188020272e-05
1375,73,0,1375,74,31,0.05000000074505806,1.2960470653783447,,0.0,0.0,3.9203334663397984e-05
1407,74,0,1407,75,31,0.0,1.293454971247588,,0.0,0.0,3.807707324085641e-05
1422,75,0,1422,76,14,0.0,1.290868061305093,,0.0,0.0,3.846564645755279e-05
1452,76,0,1452,77,29,0.05000000074505806,1.2882863251824828,,0.0,0.0,3.829560072517779e-05
1466,77,0,1466,78,13,0.0,1.2857097525321177,,0.0,0.0,4.045914262860606e-05
1480,78,0,1480,79,13,0.0,1.2831383330270534,,0.0,0.0,3.9585851764059046e-05
1495,79,0,1495,80,14,0.0,1.2805720563609992,,0.0,0.0,3.945297689824656e-05
1511,80,0,1511,81,15,0.0,1.2780109122482772,,0.0,0.0,3.9413297117789624e-05
1525,81,0,1525,82,13,0.0,1.2754548904237806,,0.0,0.0,3.803017223617644e-05
1541,82,0,1541,83,15,0.0,1.272903980642933,,0.0,0.0,3.764413118005905e-05
1555,83,0,1555,84,13,0.0,1.270358172681647,,0.0,0.0,3.7950908708808125e-05
1569,84,0,1569,85,13,0.0,1.2678174563362838,,0.0,0.0,3.8154102376211086e-05
1583,85,0,1583,86,13,0.0,1.2652818214236112,,0.0,0.0,3.8673227700201095e-05
1612,86,0,1612,87,28,0.0,1.262751257780764,,0.0,0.0,3.778568747293321e-05
1626,87,0,1626,88,13,0.0,1.2602257552652025,,0.0,0.0,3.742943602446758e-05
1640,88,0,1640,89,13,0.0,1.2577053037546722,,0.0,0.0,3.806512640039728e-05
1655,89,0,1655,90,14,0.0,1.2551898931471628,,0.0,0.0,3.84498400035227e-05
1669,90,0,1669,91,13,0.0,1.2526795133608684,,0.0,0.0,3.6645051213781695e-05
1683,91,0,1683,92,13,0.0,1.2501741543341467,,0.0,0.0,3.716927619279886e-05
1698,92,0,1698,93,14,0.0,1.2476738060254784,,0.0,0.0,3.8148954345160747e-05
1712,93,0,1712,94,13,0.0,1.2451784584134273,,0.0,0.0,3.822787671197148e-05
1726,94,0,1726,95,13,0.0,1.2426881014966005,,0.0,0.0,3.8279410346149235e-05
1758,95,0,1758,96,31,0.05000000074505806,1.2402027252936072,,0.0,0.0,3.844958491754369e-05
1772,96,0,1772,97,13,0.0,1.23772231984302,,0.0,0.0,3.9749708885210564e-05
1786,97,0,1786,98,13,0.0,1.235246875203334,,0.0,0.0,3.9736029521009186e-05
1800,98,0,1800,99,13,0.0,1.2327763814529273,,0.0,0.0,4.005967153716483e-05
1814,99,0,1814,100,13,0.0,1.2303108286900215,,0.0,0.0,4.1016185514308744e-05
1844,100,0,1844,101,29,0.05000000074505806,1.2278502070326414,,0.0,0.0,4.170821917796275e-05
1858,101,0,1858,102,13,0.0,1.225394506618576,,0.0,0.0,4.161307122558355e-05
1889,102,0,1889,103,30,0.05000000074505806,1.2229437176053388,,0.0,0.0,4.140486295909796e-05
1921,103,0,1921,104,31,0.05000000074505806,1.2204978301701281,,0.0,0.0,4.009226334346749e-05
1942,104,0,1942,105,20,0.0,1.218056834509788,,0.0,0.0,3.921568820260291e-05
1956,105,0,1956,106,13,0.0,1.2156207208407683,,0.0,0.0,3.875839193824504e-05
1970,106,0,1970,107,13,0.0,1.2131894793990867,,0.0,0.0,3.7176194464336735e-05
1984,107,0,1984,108,13,0.0,1.2107631004402886,,0.0,0.0,3.5814358807328975e-05
1998,108,0,1998,109,13,0.0,1.208341574239408,,0.0,0.0,3.5276014868941276e-05
2013,109,0,2013,110,14,0.0,1.205924891090929,,0.0,0.0,3.5068625138592324e-05
2026,110,0,2026,111,12,0.0,1.2035130413087471,,0.0,0.0,3.3530827231516014e-05
2041,111,0,2041,112,14,0.0,1.2011060152261297,,0.0,0.0,3.309758300929388e-05
2055,112,0,2055,113,13,0.0,1.1987038031956774,,0.0,0.0,3.2097139628604056e-05
2069,113,0,2069,114,13,0.0,1.196306395589286,,0.0,0.0,3.1643081738366166e-05
2083,114,0,2083,115,13,0.0,1.1939137827981074,,0.0,0.0,3.042630604795704e-05
2097,115,0,2097,116,13,0.0,1.1915259552325113,,0.0,0.0,2.8942455146534484e-05
2129,116,0,2129,117,31,0.05000000074505806,1.1891429033220462,,0.0,0.0,3.0482571992251907e-05
2143,117,0,2143,118,13,0.0,1.186764617515402,,0.0,0.0,3.075040366638859e-05
2157,118,0,2157,119,13,0.0,1.1843910882803712,,0.0,0.0,3.120972271972278e-05
2171,119,0,2171,120,13,0.0,1.1820223061038104,,0.0,0.0,3.1850575915086665e-05
2185,120,0,2185,121,13,0.0,1.179658261491603,,0.0,0.0,3.31942511638772e-05
2199,121,0,2199,122,13,0.0,1.1772989449686198,,0.0,0.0,3.356628655637905e-05
2213,122,0,2213,123,13,0.0,1.1749443470786824,,0.0,0.0,3.280656927927339e-05
2228,123,0,2228,124,14,0.0,1.1725944583845251,,0.0,0.0,3.327543649902509e-05
2242,124,0,2242,125,13,0.0,1.170249269467756,,0.0,0.0,3.354458088324463e-05
2256,125,0,2256,126,13,0.0,1.1679087709288205,,0.0,0.0,3.381090566108469e-05
2271,126,0,2271,127,14,0.0,1.1655729533869628,,0.0,0.0,3.4730704501271246e-05
2301,127,0,2301,128,29,0.05000000074505806,1.163241807480189,,0.0,0.0,3.573872251763532e-05
2314,128,0,2314,129,12,0.0,1.1609153238652286,,0.0,0.0,3.588973710975552e-05
2329,129,0,2329,130,14,0.0,1.1585934932174982,,0.0,0.0,3.502338421640161e-05
2361,130,0,2361,131,31,0.05000000074505806,1.1562763062310633,,0.0,0.0,3.6809201183132246e-05
2375,131,0,2375,132,13,0.0,1.1539637536186012,,0.0,0.0,3.6793928493352724e-05
2389,132,0,2389,133,13,0.0,1.1516558261113639,,0.0,0.0,3.745856211935461e-05
2404,133,0,2404,134,14,0.0,1.1493525144591412,,0.0,0.0,3.798767010266602e-05
2418,134,0,2418,135,13,0.0,1.147053809430223,,0.0,0.0,3.847659997518349e-05
2433,135,0,2433,136,14,0.0,1.1447597018113624,,0.0,0.0,3.814341343058914e-05
2447,136,0,2447,137,13,0.0,1.1424701824077397,,0.0,0.0,3.949471873966104e-05
2461,137,0,2461,138,13,0.0,1.1401852420429242,,0.0,0.0,3.9482083438997505e-05
2492,138,0,2492,139,30,0.05000000074505806,1.1379048715588382,,0.0,0.0,3.9951757353264837e-05
2506,139,0,2506,140,13,0.0,1.1356290618157205,,0.0,0.0,4.111654066946358e-05
2520,140,0,2520,141,13,0.0,1.133357803692089,,0.0,0.0,4.0864997026801574e-05
2534,141,0,2534,142,13,0.0,1.131091088084705,,0.0,0.0,3.948189540096791e-05
2548,142,0,2548,143,13,0.0,1.1288289059085355,,0.0,0.0,3.850707782476093e-05
2562,143,0,2562,144,13,0.0,1.1265712480967185,,0.0,0.0,3.834732106042793e-05
2576,144,0,2576,145,13,0.0,1.1243181056005251,,0.0,0.0,3.82021247423836e-05
2607,145,0,2607,146,30,0.0,1.122069469389324,,0.0,0.0,3.696066120028263e-05
2639,146,0,2639,147,31,0.05000000074505806,1.1198253304505454,,0.0,0.0,3.717977211636025e-05
2653,147,0,2653,148,13,0.0,1.1175856797896444,,0.0,0.0,3.7478093690879175e-05
2670,148,0,2670,149,16,0.0,1.1153505084300652,,0.0,0.0,3.814582514678477e-05
2684,149,0,2684,150,13,0.0,1.1131198074132052,,0.0,0.0,3.841049436232424e-05
2698,150,0,2698,151,13,0.0,1.1108935677983787,,0.0,0.0,3.6333572261355584e-05
2712,151,0,2712,152,13,0.0,1.108671780662782,,0.0,0.0,3.600088208258967e-05
2726,152,0,2726,153,13,0.0,1.1064544371014564,,0.0,0.0,3.639040007328731e-05
2742,153,0,2742,154,15,0.0,1.1042415282272535,,0.0,0.0,3.678512550322921e-05
2755,154,0,2755,155,12,0.0,1.102033045170799,,0.0,0.0,3.606986989325378e-05
2770,155,0,2770,156,14,0.0,1.0998289790804574,,0.0,0.0,3.6273339082981694e-05
2784,156,0,2784,157,13,0.0,1.0976293211222965,,0.0,0.0,3.569383356079925e-05
2798,157,0,2798,158,13,0.0,1.0954340624800518,,0.0,0.0,3.528721408656566e-05
2813,158,0,2813,159,14,0.0,1.0932431943550918,,0.0,0.0,3.4830922068067594e-05
2828,159,0,2828,160,14,0.0,1.0910567079663815,,0.0,0.0,3.354843138367869e-05
2842,160,0,2842,161,13,0.0,1.0888745945504488,,0.0,0.0,3.2656225812388584e-05
2856,161,0,2856,162,13,0.0,1.086696845361348,,0.0,0.0,3.054118526051752e-05
2870,162,0,2870,163,13,0.0,1.0845234516706252,,0.0,0.0,3.055889428651426e-05
2884,163,0,2884,164,13,0.0,1.082354404767284,,0.0,0.0,3.066726083488902e-05
2900,164,0,2900,165,15,0.0,1.0801896959577493,,0.0,0.0,3.131001298243064e-05
2915,165,0,2915,166,14,0.0,1.0780293165658337,,0.0,0.0,3.1729059646750105e-05
2929,166,0,2929,167,13,0.0,1.075873257932702,,0.0,0.0,3.1891300932329616e-05
2943,167,0,2943,168,13,0.0,1.0737215114168366,,0.0,0.0,3.108435057583847e-05
2957,168,0,2957,169,13,0.0,1.071574068394003,,0.0,0.0,3.070809283599374e-05
2971,169,0,2971,170,13,0.0,1.069430920257215,,0.0,0.0,2.9968573908263352e-05
3001,170,0,3001,171,29,0.05000000074505806,1.0672920584167005,,0.0,0.0,3.119718245216063e-05
3015,171,0,3015,172,13,0.0,1.065157474299867,,0.0,0.0,3.185741932611563e-05
3029,172,0,3029,173,13,0.0,1.0630271593512672,,0.0,0.0,3.267228691584023e-05
3043,173,0,3043,174,13,0.0,1.0609011050325647,,0.0,0.0,3.356185766278941e-05
3060,174,0,3060,175,16,0.0,1.0587793028224997,,0.0,0.0,3.4461017448848e-05
3074,175,0,3074,176,13,0.0,1.0566617442168547,,0.0,0.0,3.424035620810173e-05
3088,176,0,3088,177,13,0.0,1.054548420728421,,0.0,0.0,3.430034877055732e-05
3102,177,0,3102,178,13,0.0,1.0524393238869643,,0.0,0.0,3.402956116588029e-05
3116,178,0,3116,179,13,0.0,1.0503344452391903,,0.0,0.0,3.509211120217515e-05
3130,179,0,3130,180,13,0.0,1.048233776348712,,0.0,0.0,3.468513809821161e-05
3144,180,0,3144,181,13,0.0,1.0461373087960146,,0.0,0.0,3.6727999004142474e-05
3159,181,0,3159,182,14,0.0,1.0440450341784226,,0.0,0.0,3.714761281116807e-05
3173,182,0,3173,183,13,0.0,1.0419569441100658,,0.0,0.0,3.698155554047844e-05
3187,183,0,3187,184,13,0.0,1.0398730302218457,,0.0,0.0,3.722663194821507e-05
3201,184,0,3201,185,13,0.0,1.0377932841614022,,0.0,0.0,3.660432897049759e-05
3215,185,0,3215,186,13,0.0,1.0357176975930793,,0.0,0.0,3.665024977635767e-05
3230,186,0,3230,187,14,0.0,1.0336462621978932,,0.0,0.0,3.6219721641828075e-05
3244,187,0,3244,188,13,0.0,1.0315789696734974,,0.0,0.0,3.576485118173878e-05
3259,188,0,3259,189,14,0.0,1.0295158117341503,,0.0,0.0,3.5663427788676926e-05
3273,189,0,3273,190,13,0.0,1.027456780110682,,0.0,0.0,3.4686986182350666e-05
3287,190,0,3287,191,13,0.0,1.0254018665504605,,0.0,0.0,3.409418240153173e-05
3304,191,0,3304,192,16,0.0,1.0233510628173597,,0.0,0.0,3.375734308974643e-05
3318,192,0,3318,193,13,0.0,1.021304360691725,,0.0,0.0,3.3587725929464796e-05
3332,193,0,3332,194,13,0.0,1.0192617519703415,,0.0,0.0,3.354766585289326e-05
3346,194,0,3346,195,13,0.0,1.017223228466401,,0.0,0.0,3.257376441979432e-05
3360,195,0,3360,196,13,0.0,1.015188782009468,,0.0,0.0,3.25216294186248e-05
3375,196,0,3375,197,14,0.0,1.0131584044454491,,0.0,0.0,3.243990115151974e-05
3389,197,0,3389,198,13,0.0,1.0111320876365582,,0.0,0.0,3.203285157724167e-05
3403,198,0,3403,199,13,0.0,1.009109823461285,,0.0,0.0,3.1918912936816925e-05
3417,199,0,3417,200,13,0.0,1.0070916038143625,,0.0,0.0,3.179844412443345e-05
3431,200,0,3431,201,13,0.0,1.0050774206067337,,0.0,0.0,3.1489993816649075e-05
3446,201,0,3446,202,14,0.0,1.0030672657655202,,0.0,0.0,3.082592696955544e-05
3460,202,0,3460,203,13,0.0,1.0010611312339892,,0.0,0.0,2.9979530427226565e-05
3474,203,0,3474,204,13,0.0,0.9990590089715212,,0.0,0.0,2.987400874189916e-05
3488,204,0,3488,205,13,0.0,0.9970608909535782,,0.0,0.0,3.083340755438258e-05
3502,205,0,3502,206,13,0.0,0.995066769171671,,0.0,0.0,3.0008375952093046e-05
3516,206,0,3516,207,13,0.0,0.9930766356333277,,0.0,0.0,2.9878491141062113e-05
3530,207,0,3530,208,13,0.0,0.9910904823620611,,0.0,0.0,2.9687480828215485e-05
3545,208,0,3545,209,14,0.0,0.989108301397337,,0.0,0.0,2.942483675724361e-05
3559,209,0,3559,210,13,0.0,0.9871300847945423,,0.0,0.0,2.9105385947332253e-05
3573,210,0,3573,211,13,0.0,0.9851558246249532,,0.0,0.0,2.9133031457604375e-05
3587,211,0,3587,212,13,0.0,0.9831855129757033,,0.0,0.0,2.8753534497809596e-05
3601,212,0,3601,213,13,0.0,0.9812191419497519,,0.0,0.0,2.933650179329561e-05
3616,213,0,3616,214,14,0.0,0.9792567036658524,,0.0,0.0,2.945711241409299e-05
3630,214,0,3630,215,13,0.0,0.9772981902585207,,0.0,0.0,3.0688420447404494e-05
3644,215,0,3644,216,13,0.0,0.9753435938780036,,0.0,0.0,3.127052363197436e-05
3658,216,0,3658,217,13,0.0,0.9733929066902476,,0.0,0.0,3.187806059941067e-05
3672,217,0,3672,218,13,0.0,0.9714461208768671,,0.0,0.0,3.189394983564853e-05
3687,218,0,3687,219,14,0.0,0.9695032286351134,,0.0,0.0,3.0968601786298675e-05
3701,219,0,3701,220,13,0.0,0.9675642221778432,,0.0,0.0,3.024872403329937e-05
3715,220,0,3715,221,13,0.0,0.9656290937334875,,0.0,0.0,3.0197663108992855e-05
3729,221,0,3729,222,13,0.0,0.9636978355460205,,0.0,0.0,2.967590367916273e-05
3743,222,0,3743,223,13,0.0,0.9617704398749285,,0.0,0.0,2.9201465722508146e-05
3758,223,0,3758,224,14,0.0,0.9598468989951786,,0.0,0.0,2.9580317559521063e-05
3772,224,0,3772,225,13,0.0,0.9579272051971882,,0.0,0.0,2.947750090243062e-05
3803,225,0,3803,226,30,0.05000000074505806,0.9560113507867939,,0.0,0.0,2.9389439005171882e-05
3817,226,0,3817,227,13,0.0,0.9540993280852204,,0.0,0.0,2.9685592708119656e-05
3842,227,0,3842,228,24,0.0,0.9521911294290499,,0.0,0.0,3.046571848244639e-05
3856,228,0,3856,229,13,0.0,0.9502867471701918,,0.0,0.0,3.1237500352290226e-05
3886,229,0,3886,230,29,0.05000000074505806,0.9483861736758514,,0.0,0.0,3.4445770743332106e-05
3900,230,0,3900,231,13,0.0,0.9464894013284997,,0.0,0.0,3.571543482394191e-05
3914,231,0,3914,232,13,0.0,0.9445964225258426,,0.0,0.0,3.6264085574657654e-05
3929,232,0,3929,233,14,0.0,0.9427072296807909,,0.0,0.0,3.709305114171002e-05
3943,233,0,3943,234,13,0.0,0.9408218152214293,,0.0,0.0,3.7884897001276843e-05
3957,234,0,3957,235,13,0.0,0.9389401715909864,,0.0,0.0,3.853632079881209e-05
3971,235,0,3971,236,13,0.0,0.9370622912478045,,0.0,0.0,3.882577552758448e-05
3985,236,0,3985,237,13,0.0,0.9351881666653089,,0.0,0.0,3.9365453203572543e-05
4005,237,0,4005,238,19,0.0,0.9333177903319783,,0.0,0.0,3.936508993319876e-05
4019,238,0,4019,239,13,0.0,0.9314511547513143,,0.0,0.0,3.889777631229663e-05
4033,239,0,4033,240,13,0.0,0.9295882524418118,,0.0,0.0,3.837895527794899e-05
4048,240,0,4048,241,14,0.0,0.9277290759369281,,0.0,0.0,3.7563404939646714e-05
4062,241,0,4062,242,13,0.0,0.9258736177850543,,0.0,0.0,3.658378586806066e-05
4076,242,0,4076,243,13,0.0,0.9240218705494841,,0.0,0.0,3.7322973448681295e-05
4090,243,0,4090,244,13,0.0,0.9221738268083852,,0.0,0.0,3.675117869534006e-05
4119,244,0,4119,245,28,0.05000000074505806,0.9203294791547685,,0.0,0.0,3.621220345848997e-05
4134,245,0,4134,246,14,0.0,0.9184888201964589,,0.0,0.0,3.647071914201661e-05
4147,246,0,4147,247,12,0.0,0.916651842556066,,0.0,0.0,3.600718736379349e-05
4161,247,0,4161,248,13,0.0,0.9148185388709539,,0.0,0.0,3.5184455364287714e-05
4175,248,0,4175,249,13,0.0,0.912988901793212,,0.0,0.0,3.566098297596909e-05
4207,249,0,4207,250,31,0.05000000074505806,0.9111629239896256,,0.0,0.0,3.731360791789484e-05
4238,250,0,4238,251,30,0.05000000074505806,0.9093405981416464,,0.0,0.0,4.0544719395256836e-05
4252,251,0,4252,252,13,0.0,0.9075219169453631,,0.0,0.0,4.228518890158739e-05
4282,252,0,4282,253,29,0.05000000074505806,0.9057068731114724,,0.0,0.0,4.316078422561986e-05
4313,253,0,4313,254,30,0.05000000074505806,0.9038954593652494,,0.0,0.0,4.357478488600463e-05
4334,254,0,4334,255,20,0.05000000074505806,0.9020876684465189,,0.0,0.0,4.551373835056438e-05
4348,255,0,4348,256,13,0.0,0.9002834931096259,,0.0,0.0,4.628312715794891e-05
4379,256,0,4379,257,30,0.05000000074505806,0.8984829261234066,,0.0,0.0,4.918292892398313e-05
4393,257,0,4393,258,13,0.0,0.8966859602711598,,0.0,0.0,4.894271267403383e-05
4423,258,0,4423,259,29,0.05000000074505806,0.8948925883506175,,0.0,0.0,4.8975372737913855e-05
4437,259,0,4437,260,13,0.0,0.8931028031739162,,0.0,0.0,4.864377633566619e-05
4452,260,0,4452,261,14,0.0,0.8913165975675684,,0.0,0.0,4.828481873119017e-05
4465,261,0,4465,262,12,0.0,0.8895339643724333,,0.0,0.0,4.869231170232524e-05
4479,262,0,4479,263,13,0.0,0.8877548964436884,,0.0,0.0,4.763996823385242e-05
4511,263,0,4511,264,31,0.05000000074505806,0.885979386650801,,0.0,0.0,4.883206995145883e-05
4541,264,0,4541,265,29,0.05000000074505806,0.8842074278774994,,0.0,0.0,4.801691122338525e-05
4557,265,0,4557,266,15,0.0,0.8824390130217444,,0.0,0.0,4.867815854595392e-05
4588,266,0,4588,267,30,0.05000000074505806,0.8806741349957009,,0.0,0.0,4.9650892851786924e-05
4618,267,0,4618,268,29,0.05000000074505806,0.8789127867257095,,0.0,0.0,5.157105460966705e-05
4649,268,0,4649,269,30,0.05000000074505806,0.8771549611522581,,0.0,0.0,5.3655906376661734e-05
4680,269,0,4680,270,30,0.05000000074505806,0.8754006512299536,,0.0,0.0,5.879878015548456e-05
4696,270,0,4696,271,15,0.0,0.8736498499274937,,0.0,0.0,5.9851541445823384e-05
4710,271,0,4710,272,13,0.0,0.8719025502276387,,0.0,0.0,5.934868149779504e-05
4724,272,0,4724,273,13,0.0,0.8701587451271835,,0.0,0.0,6.0210796182218476e-05
4738,273,0,4738,274,13,0.0,0.8684184276369291,,0.0,0.0,6.0653634536720344e-05
4752,274,0,4752,275,13,0.0,0.8666815907816553,,0.0,0.0,6.0407627752283586e-05
4766,275,0,4766,276,13,0.0,0.8649482276000919,,0.0,0.0,5.840701960551087e-05
4780,276,0,4780,277,13,0.0,0.8632183311448918,,0.0,0.0,5.863930697159958e-05
4811,277,0,4811,278,30,0.05000000074505806,0.861491894482602,,0.0,0.0,5.9556413507380054e-05
4843,278,0,4843,279,31,0.05000000074505806,0.8597689106936368,,0.0,0.0,6.120027288488927e-05
4857,279,0,4857,280,13,0.0,0.8580493728722496,,0.0,0.0,6.209809273059363e-05
4886,280,0,4886,281,28,0.05000000074505806,0.8563332741265051,,0.0,0.0,5.96769357798621e-05
4900,281,0,4900,282,13,0.0,0.8546206075782521,,0.0,0.0,5.9549886100285224e-05
4918,282,0,4918,283,17,0.0,0.8529113663630956,,0.0,0.0,6.097119810874574e-05
4948,283,0,4948,284,29,0.05000000074505806,0.8512055436303694,,0.0,0.0,6.307889914751286e-05
4962,284,0,4962,285,13,0.0,0.8495031325431086,,0.0,0.0,6.364136901538586e-05
4977,285,0,4977,286,14,0.0,0.8478041262780224,,0.0,0.0,6.515153419968556e-05
5007,286,0,5007,287,29,0.05000000074505806,0.8461085180254664,,0.0,0.0,6.758894269296434e-05
5021,287,0,5021,288,13,0.0,0.8444163009894154,,0.0,0.0,6.991286583797774e-05
5035,288,0,5035,289,13,0.0,0.8427274683874366,,0.0,0.0,7.069032217259519e-05
5078,289,0,5078,290,42,0.05000000074505806,0.8410420134506618,,0.0,0.0,7.06799456202134e-05
5109,290,0,5109,291,30,0.05000000074505806,0.8393599294237605,,0.0,0.0,7.178353433118901e-05
5123,291,0,5123,292,13,0.0,0.837681209564913,,0.0,0.0,7.135738891520305e-05
5136,292,0,5136,293,12,0.0,0.8360058471457832,,0.0,0.0,7.224099595987355e-05
5150,293,0,5150,294,13,0.0,0.8343338354514916,,0.0,0.0,7.305940322112292e-05
5180,294,0,5180,295,29,0.05000000074505806,0.8326651677805886,,0.0,0.0,7.40853235583927e-05
5195,295,0,5195,296,14,0.0,0.8309998374450275,,0.0,0.0,7.473327694242471e-05
5209,296,0,5209,297,13,0.0,0.8293378377701375,,0.0,0.0,7.34898074188095e-05
5240,297,0,5240,298,30,0.05000000074505806,0.8276791620945972,,0.0,0.0,7.234803657411248e-05
5271,298,0,5271,299,30,0.05000000074505806,0.8260238037704081,,0.0,0.0,7.4468575494393e-05
5303,299,0,5303,300,31,0.05000000074505806,0.8243717561628673,,0.0,0.0,7.919695975942886e-05
5317,300,0,5317,301,13,0.0,0.8227230126505416,,0.0,0.0,8.148698043441982e-05
5348,301,0,5348,302,30,0.05000000074505806,0.8210775666252406,,0.0,0.0,8.111750976240728e-05
5363,302,0,5363,303,14,0.0,0.8194354114919901,,0.0,0.0,8.188874435290927e-05
5376,303,0,5376,304,12,0.0,0.8177965406690061,,0.0,0.0,8.140241629007505e-05
5391,304,0,5391,305,14,0.0,0.8161609475876681,,0.0,0.0,8.080592979240465e-05
5404,305,0,5404,306,12,0.0,0.8145286256924927,,0.0,0.0,8.083736131084151e-05
5434,306,0,5434,307,29,0.05000000074505806,0.8128995684411078,,0.0,0.0,8.289882131066406e-05
5465,307,0,5465,308,30,0.05000000074505806,0.8112737693042256,,0.0,0.0,8.002775510249194e-05
5479,308,0,5479,309,13,0.0,0.8096512217656171,,0.0,0.0,7.949254832055886e-05
5493,309,0,5493,310,13,0.0,0.8080319193220858,,0.0,0.0,7.884556933277054e-05
5507,310,0,5507,311,13,0.0,0.8064158554834416,,0.0,0.0,7.830295369785745e-05
5527,311,0,5527,312,19,0.0,0.8048030237724747,,0.0,0.0,7.812594165443443e-05
5541,312,0,5541,313,13,0.0,0.8031934177249298,,0.0,0.0,7.756117262033512e-05
5571,313,0,5571,314,29,0.05000000074505806,0.8015870308894799,,0.0,0.0,7.770955591695383e-05
5602,314,0,5602,315,30,0.05000000074505806,0.7999838568277009,,0.0,0.0,8.158790449670051e-05
5616,315,0,5616,316,13,0.0,0.7983838891140455,,0.0,0.0,8.267298602731898e-05
5646,316,0,5646,317,29,0.05000000074505806,0.7967871213358173,,0.0,0.0,8.18967231316492e-05
5677,317,0,5677,318,30,0.05000000074505806,0.7951935470931457,,0.0,0.0,8.373015432880493e-05
5708,318,0,5708,319,30,0.05000000074505806,0.7936031599989595,,0.0,0.0,8.589248780481284e-05
5721,319,0,5721,320,12,0.0,0.7920159536789616,,0.0,0.0,8.529871247446863e-05
5751,320,0,5751,321,29,0.05000000074505806,0.7904319217716037,,0.0,0.0,8.572935068514198e-05
5766,321,0,5766,322,14,0.0,0.7888510579280605,,0.0,0.0,8.623141828138614e-05
5797,322,0,5797,323,30,0.05000000074505806,0.7872733558122044,,0.0,0.0,8.408972764300415e-05
5827,323,0,5827,324,29,0.05000000074505806,0.78569880910058,,0.0,0.0,8.495971367665334e-05
5857,324,0,5857,325,29,0.05000000074505806,0.7841274114823789,,0.0,0.0,8.563618659536587e-05
5873,325,0,5873,326,15,0.0,0.7825591566594141,,0.0,0.0,8.549033023882657e-05
5902,326,0,5902,327,28,0.05000000074505806,0.7809940383460953,,0.0,0.0,8.424899231613381e-05
5933,327,0,5933,328,30,0.05000000074505806,0.7794320502694031,,0.0,0.0,8.653213768411661e-05
5966,328,0,5966,329,32,0.05000000074505806,0.7778731861688643,,0.0,0.0,8.906515195121756e-05
5995,329,0,5995,330,28,0.05000000074505806,0.7763174397965266,,0.0,0.0,9.224539888236905e-05
6083,330,0,6083,331,87,0.20000000298023224,0.7747648049169336,,0.0,0.0,9.363934441353194e-05
6097,331,0,6097,332,13,0.0,0.7732152753070997,,0.0,0.0,9.714935040392448e-05
6128,332,0,6128,333,30,0.05000000074505806,0.7716688447564855,,0.0,0.0,9.769454500201391e-05
6159,333,0,6159,334,30,0.05000000074505806,0.7701255070669725,,0.0,0.0,9.690141494502314e-05
6173,334,0,6173,335,13,0.0,0.7685852560528386,,0.0,0.0,9.602170175639912e-05
6205,335,0,6205,336,31,0.05000000074505806,0.7670480855407329,,0.0,0.0,9.59706417779671e-05
6219,336,0,6219,337,13,0.0,0.7655139893696514,,0.0,0.0,9.429684174392605e-05
6250,337,0,6250,338,30,0.05000000074505806,0.7639829613909122,,0.0,0.0,9.825286713748937e-05
6280,338,0,6280,339,29,0.05000000074505806,0.7624549954681303,,0.0,0.0,9.424490617675474e-05
6310,339,0,6310,340,29,0.05000000074505806,0.7609300854771941,,0.0,0.0,9.212647084495984e-05
6341,340,0,6341,341,30,0.05000000074505806,0.7594082253062397,,0.0,0.0,9.079184332222212e-05
6356,341,0,6356,342,14,0.0,0.7578894088556273,,0.0,0.0,9.213624773110496e-05
6387,342,0,6387,343,30,0.05000000074505806,0.756373630037916,,0.0,0.0,9.489116568147438e-05
6401,343,0,6401,344,13,0.0,0.7548608827778401,,0.0,0.0,9.441905236599268e-05
6428,344,0,6428,345,26,0.0,0.7533511610122845,,0.0,0.0,9.762037188920658e-05
6442,345,0,6442,346,13,0.0,0.75184445869026,,0.0,0.0,9.69945456381538e-05
6474,346,0,6474,347,31,0.05000000074505806,0.7503407697728794,,0.0,0.0,9.836147459282075e-05
6526,347,0,6526,348,51,0.10000000149011612,0.7488400882333337,,0.0,0.0,9.822325133427511e-05
6557,348,0,6557,349,30,0.05000000074505806,0.747342408056867,,0.0,0.0,9.942127901013009e-05
6579,349,0,6579,350,21,0.0,0.7458477232407533,,0.0,0.0,9.776431896170834e-05
6611,350,0,6611,351,31,0.05000000074505806,0.7443560277942718,,0.0,0.0,9.744768136442872e-05
6642,351,0,6642,352,30,0.05000000074505806,0.7428673157386833,,0.0,0.0,0.00010200945682299789
6671,352,0,6671,353,28,0.05000000074505806,0.7413815811072059,,0.0,0.0,0.00010487636194739025
6702,353,0,6702,354,30,0.05000000074505806,0.7398988179449915,,0.0,0.0,0.0001055113302936661
6731,354,0,6731,355,28,0.05000000074505806,0.7384190203091014,,0.0,0.0,0.00010600065794278634
6744,355,0,6744,356,12,0.0,0.7369421822684833,,0.0,0.0,0.00010827230398717802
6773,356,0,6773,357,28,0.0,0.7354682979039463,,0.0,0.0,0.00011170907160703791
6804,357,0,6804,358,30,0.05000000074505806,0.7339973613081384,,0.0,0.0,0.00011559852744539967
6818,358,0,6818,359,13,0.0,0.7325293665855221,,0.0,0.0,0.00011532454031112139
6850,359,0,6850,360,31,0.05000000074505806,0.7310643078523511,,0.0,0.0,0.00011298272693238687
6880,360,0,6880,361,29,0.05000000074505806,0.7296021792366464,,0.0,0.0,0.00011521271582751069
6911,361,0,6911,362,30,0.05000000074505806,0.7281429748781731,,0.0,0.0,0.00011791054530476685
6924,362,0,6924,363,12,0.0,0.7266866889284168,,0.0,0.0,0.00012141300168877934
6954,363,0,6954,364,29,0.05000000074505806,0.72523331555056,,0.0,0.0,0.00012132257790653967
6969,364,0,6969,365,14,0.0,0.7237828489194589,,0.0,0.0,0.00012190722045488656
6999,365,0,6999,366,29,0.05000000074505806,0.72233528322162,,0.0,0.0,0.00011791247528890381
7030,366,0,7030,367,30,0.05000000074505806,0.7208906126551767,,0.0,0.0,0.0001206401704257587
7061,367,0,7061,368,30,0.05000000074505806,0.7194488314298664,,0.0,0.0,0.00011870986392750637
7092,368,0,7092,369,30,0.05000000074505806,0.7180099337670066,,0.0,0.0,0.00011875476960995002
7122,369,0,7122,370,29,0.05000000074505806,0.7165739138994726,,0.0,0.0,0.00011752192447602284
7145,370,0,7145,371,22,0.0,0.7151407660716737,,0.0,0.0,0.00011625411087152316
7175,371,0,7175,372,29,0.05000000074505806,0.7137104845395303,,0.0,0.0,0.00010841495859494898
7205,372,0,7205,373,29,0.05000000074505806,0.7122830635704512,,0.0,0.0,0.00011109093597042375
7229,373,0,7229,374,23,0.0,0.7108584974433103,,0.0,0.0,0.00011093006512965076
7260,374,0,7260,375,30,0.05000000074505806,0.7094367804484237,,0.0,0.0,0.00011112645468529081
7290,375,0,7290,376,29,0.05000000074505806,0.7080179068875269,,0.0,0.0,0.00011435901404183824
7321,376,0,7321,377,30,0.0,0.7066018710737518,,0.0,0.0,0.00011293790848867502
7352,377,0,7352,378,30,0.05000000074505806,0.7051886673316043,,0.0,0.0,0.00011500510667247
7384,378,0,7384,379,31,0.05000000074505806,0.7037782899969411,,0.0,0.0,0.00011978284226643154
7414,379,0,7414,380,29,0.05000000074505806,0.7023707334169472,,0.0,0.0,0.00012265233726793667
7445,380,0,7445,381,30,0.05000000074505806,0.7009659919501133,,0.0,0.0,0.00012637839525268647
7460,381,0,7460,382,14,0.0,0.6995640599662131,,0.0,0.0,0.00012968598493898754
7477,382,0,7477,383,16,0.0,0.6981649318462806,,0.0,0.0,0.00012886502649053
7507,383,0,7507,384,29,0.05000000074505806,0.696768601982588,,0.0,0.0,0.00012601949827512727
7530,384,0,7530,385,22,0.0,0.6953750647786229,,0.0,0.0,0.00013100834388751536
7617,385,0,7617,386,86,0.20000000298023224,0.6939843146490656,,0.0,0.0,0.00013383007477386856
7632,386,0,7632,387,14,0.0,0.6925963460197675,,0.0,0.0,0.0001309707931795856
7648,387,0,7648,388,15,0.0,0.691211153327728,,0.0,0.0,0.0001298136080004042
7680,388,0,7680,389,31,0.05000000074505806,0.6898287310210726,,0.0,0.0,0.00013181200771214207
7696,389,0,7696,390,15,0.0,0.6884490735590304,,0.0,0.0,0.00013378837484196994
7726,390,0,7726,391,29,0.05000000074505806,0.6870721754119123,,0.0,0.0,0.00012961134747456525
7740,391,0,7740,392,13,0.0,0.6856980310610885,,0.0,0.0,0.00012750087855238236
7770,392,0,7770,393,29,0.05000000074505806,0.6843266349989663,,0.0,0.0,0.00013119354727678
7785,393,0,7785,394,14,0.0,0.6829579817289684,,0.0,0.0,0.00013139338487235363
7800,394,0,7800,395,14,0.0,0.6815920657655105,,0.0,0.0,0.0001308607540340745
7814,395,0,7814,396,13,0.0,0.6802288816339794,,0.0,0.0,0.00012901004058221588
7828,396,0,7828,397,13,0.0,0.6788684238707114,,0.0,0.0,0.00013001523235288913
7858,397,0,7858,398,29,0.05000000074505806,0.67751068702297,,0.0,0.0,0.00012878299323347165
7873,398,0,7873,399,14,0.0,0.676155665648924,,0.0,0.0,0.00012409335849952185
7905,399,0,7905,400,31,0.05000000074505806,0.6748033543176262,,0.0,0.0,0.00012767357777192955
7934,400,0,7934,401,28,0.05000000074505806,0.6734537476089909,,0.0,0.0,0.0001294196008166182
7963,401,0,7963,402,28,0.05000000074505806,0.672106840113773,,0.0,0.0,0.00012531852888059803
7995,402,0,7995,403,31,0.05000000074505806,0.6707626264335455,,0.0,0.0,0.00012146679277066142
8024,403,0,8024,404,28,0.05000000074505806,0.6694211011806783,,0.0,0.0,0.00012536325928522274
8054,404,0,8054,405,29,0.05000000074505806,0.668082258978317,,0.0,0.0,0.0001225043521480984
8084,405,0,8084,406,29,0.05000000074505806,0.6667460944603604,,0.0,0.0,0.00012054397640895331
8114,406,0,8114,407,29,0.05000000074505806,0.6654126022714396,,0.0,0.0,0.00011838758964586305
8129,407,0,8129,408,14,0.0,0.6640817770668968,,0.0,0.0,0.00011982395892118803
8161,408,0,8161,409,31,0.05000000074505806,0.662753613512763,,0.0,0.0,0.0001250905458437046
8201,409,0,8201,410,39,0.05000000074505806,0.6614281062857374,,0.0,0.0,0.00012303500057896598
8268,410,0,8268,411,66,0.15000000223517418,0.660105250073166,,0.0,0.0,0.00012116406629502308
8283,411,0,8283,412,14,0.0,0.6587850395730197,,0.0,0.0,0.00012079768945113755
8313,412,0,8313,413,29,0.05000000074505806,0.6574674694938737,,0.0,0.0,0.00012190557790745516
8343,413,0,8343,414,29,0.05000000074505806,0.656152534554886,,0.0,0.0,0.00012112648924812674
8357,414,0,8357,415,13,0.0,0.6548402294857762,,0.0,0.0,0.00012069553886249196
8387,415,0,8387,416,29,0.05000000074505806,0.6535305490268047,,0.0,0.0,0.0001305210443388205
8417,416,0,8417,417,29,0.05000000074505806,0.6522234879287512,,0.0,0.0,0.00013298882608069106
8447,417,0,8447,418,29,0.05000000074505806,0.6509190409528937,,0.0,0.0,0.00013204429982579312
8477,418,0,8477,419,29,0.05000000074505806,0.6496172028709879,,0.0,0.0,0.00013017470402701292
8508,419,0,8508,420,30,0.05000000074505806,0.6483179684652459,,0.0,0.0,0.00013007893277972471
8538,420,0,8538,421,29,0.05000000074505806,0.6470213325283154,,0.0,0.0,0.00012979118197108618
8555,421,0,8555,422,16,0.0,0.6457272898632588,,0.0,0.0,0.0001297693310698378
8569,422,0,8569,423,13,0.0,0.6444358352835322,,0.0,0.0,0.00012084268684702692
8679,423,0,8679,424,109,0.2500000037252903,0.6431469636129652,,0.0,0.0,0.00011226999693462858
8710,424,0,8710,425,30,0.05000000074505806,0.6418606696857393,,0.0,0.0,0.00011273684907791903
8742,425,0,8742,426,31,0.05000000074505806,0.6405769483463678,,0.0,0.0,0.00011133209784020437
8772,426,0,8772,427,29,0.05000000074505806,0.6392957944496751,,0.0,0.0,0.00011135534667118919
8803,427,0,8803,428,30,0.05000000074505806,0.6380172028607758,,0.0,0.0,0.00011155461324960925
8838,428,0,8838,429,34,0.05000000074505806,0.6367411684550542,,0.0,0.0,0.00011418353074986954
8872,429,0,8872,430,33,0.10000000149011612,0.6354676861181441,,0.0,0.0,0.00011490232809592271
8903,430,0,8903,431,30,0.05000000074505806,0.6341967507459078,,0.0,0.0,0.00011335934566886863
8941,431,0,8941,432,37,0.05000000074505806,0.632928357244416,,0.0,0.0,0.00011317045871692244
8960,432,0,8960,433,18,0.0,0.6316625005299271,,0.0,0.0,0.00011618644686677725
8974,433,0,8974,434,13,0.0,0.6303991755288673,,0.0,0.0,0.00011479619330202695
9004,434,0,9004,435,29,0.05000000074505806,0.6291383771778095,,0.0,0.0,0.00011918670956220013
9034,435,0,9034,436,29,0.05000000074505806,0.6278801004234539,,0.0,0.0,0.00012195496434287634
9064,436,0,9064,437,29,0.05000000074505806,0.6266243402226069,,0.0,0.0,0.00012151582799560856
9079,437,0,9079,438,14,0.0,0.6253710915421617,,0.0,0.0,0.00012238674651598557
9149,438,0,9149,439,69,0.15000000223517418,0.6241203493590775,,0.0,0.0,0.00012519955689640482
9179,439,0,9179,440,29,0.05000000074505806,0.6228721086603592,,0.0,0.0,0.0001240607713407371
9211,440,0,9211,441,31,0.05000000074505806,0.6216263644430385,,0.0,0.0,0.00012113907829188974
9225,441,0,9225,442,13,0.0,0.6203831117141525,,0.0,0.0,0.00012030635374685517
9240,442,0,9240,443,14,0.0,0.6191423454907242,,0.0,0.0,0.00011939851192437345
9295,443,0,9295,444,54,0.10000000149011612,0.6179040607997428,,0.0,0.0,0.00011759920918848366
9330,444,0,9330,445,34,0.05000000074505806,0.6166682526781433,,0.0,0.0,0.00011314573232084512
9364,445,0,9364,446,33,0.10000000149011612,0.615434916172787,,0.0,0.0,0.00011619745513598901
9379,446,0,9379,447,14,0.0,0.6142040463404415,,0.0,0.0,0.00011882370974490186
9398,447,0,9398,448,18,0.0,0.6129756382477606,,0.0,0.0,0.00012099302086426177
9429,448,0,9429,449,30,0.05000000074505806,0.6117496869712651,,0.0,0.0,0.0001228193079805351
9470,449,0,9470,450,40,0.10000000149011612,0.6105261875973226,,0.0,0.0,0.0001256269575242186
9558,450,0,9558,451,87,0.20000000298023224,0.6093051352221279,,0.0,0.0,0.00013176694159483304
9598,451,0,9598,452,39,0.05000000074505806,0.6080865249516837,,0.0,0.0,0.00012951282154972433
9627,452,0,9627,453,28,0.05000000074505806,0.6068703519017803,,0.0,0.0,0.00012823693934478796
9658,453,0,9658,454,30,0.05000000074505806,0.6056566111979768,,0.0,0.0,0.00012785412756784352
9689,454,0,9689,455,30,0.05000000074505806,0.6044452979755808,,0.0,0.0,0.00013131006420735502
9720,455,0,9720,456,30,0.05000000074505806,0.6032364073796296,,0.0,0.0,0.00013033019215072272
9750,456,0,9750,457,29,0.05000000074505806,0.6020299345648703,,0.0,0.0,0.00012699271468591178
9779,457,0,9779,458,28,0.05000000074505806,0.6008258746957406,,0.0,0.0,0.00013134389624610776
9816,458,0,9816,459,36,0.05000000074505806,0.5996242229463491,,0.0,0.0,0.00013083128116704755
9846,459,0,9846,460,29,0.05000000074505806,0.5984249745004564,,0.0,0.0,0.00012697822021436877
9875,460,0,9875,461,28,0.05000000074505806,0.5972281245514555,,0.0,0.0,0.00012869404006778494
9919,461,0,9919,462,43,0.10000000149011612,0.5960336683023526,,0.0,0.0,0.00012474294413550524
9949,462,0,9949,463,29,0.05000000074505806,0.5948416009657479,,0.0,0.0,0.00012188626209535869
9992,463,0,9992,464,42,0.10000000149011612,0.5936519177638164,,0.0,0.0,0.00011792431087087607
10000,464,0,10000,465,8,0.0,0.5924646139282888,,0.0,0.0,0.00012038069562549935
10026,465,1,26,1,25,0.05000000074505806,0.5912796847004321,,0.0,0.0,0.00012074916627170751
10078,466,1,78,2,51,0.10000000149011612,0.5900971253310313,,0.0,0.0,0.00012390128315018957
10107,467,1,107,3,28,0.05000000074505806,0.5889169310803692,,0.0,0.0,0.00012279919461434476
10137,468,1,137,4,29,0.05000000074505806,0.5877390972182085,,0.0,0.0,0.00012225733553350437
10263,469,1,263,5,125,0.30000000447034836,0.5865636190237721,,0.0,0.0,0.00011898656084667892
10313,470,1,313,6,49,0.10000000149011612,0.5853904917857246,,0.0,0.0,0.00012199263517686631
10344,471,1,344,7,30,0.05000000074505806,0.5842197108021531,,0.0,0.0,0.00012105530084227211
10396,472,1,396,8,51,0.10000000149011612,0.5830512713805488,,0.0,0.0,0.00012345404215011513
10410,473,1,410,9,13,0.0,0.5818851688377877,,0.0,0.0,0.00012325259853241733
10446,474,1,446,10,35,0.05000000074505806,0.5807213985001122,,0.0,0.0,0.00012026131302263821
10477,475,1,477,11,30,0.05000000074505806,0.5795599557031119,,0.0,0.0,0.0001196284412071691
10509,476,1,509,12,31,0.05000000074505806,0.5784008357917056,,0.0,0.0,0.0001152149109475431
10539,477,1,539,13,29,0.05000000074505806,0.5772440341201223,,0.0,0.0,0.00011694529803207843
10570,478,1,570,14,30,0.05000000074505806,0.576089546051882,,0.0,0.0,0.00011906642605026718
10600,479,1,600,15,29,0.05000000074505806,0.5749373669597783,,0.0,0.0,0.00011668613904475934
10630,480,1,630,16,29,0.05000000074505806,0.5737874922258587,,0.0,0.0,0.00012087317441910273
10662,481,1,662,17,31,0.05000000074505806,0.572639917241407,,0.0,0.0,0.00011686153764458141
10732,482,1,732,18,69,0.15000000223517418,0.5714946374069242,,0.0,0.0,0.00012097040813387139
10821,483,1,821,19,88,0.20000000298023224,0.5703516481321104,,0.0,0.0,0.00011418217764003202
10853,484,1,853,20,31,0.05000000074505806,0.5692109448358461,,0.0,0.0,0.00011349262727890164
10924,485,1,924,21,70,0.15000000223517418,0.5680725229461744,,0.0,0.0,0.0001132421142392559
10954,486,1,954,22,29,0.05000000074505806,0.5669363779002821,,0.0,0.0,0.00011509471183671848
10984,487,1,984,23,29,0.05000000074505806,0.5658025051444815,,0.0,0.0,0.00011708785281371092
11014,488,1,1014,24,29,0.05000000074505806,0.5646709001341925,,0.0,0.0,0.000115433034770831
11044,489,1,1044,25,29,0.05000000074505806,0.5635415583339242,,0.0,0.0,0.00011652978722850094
11062,490,1,1062,26,17,0.0,0.5624144752172563,,0.0,0.0,0.00011784288046328583
11093,491,1,1093,27,30,0.05000000074505806,0.5612896462668218,,0.0,0.0,0.00011801903860032325
11127,492,1,1127,28,33,0.05000000074505806,0.5601670669742881,,0.0,0.0,0.00011282376599410781
11157,493,1,1157,29,29,0.05000000074505806,0.5590467328403395,,0.0,0.0,0.00011233639277634211
11187,494,1,1187,30,29,0.05000000074505806,0.5579286393746588,,0.0,0.0,0.00011200740598724224
11217,495,1,1217,31,29,0.05000000074505806,0.5568127820959095,,0.0,0.0,0.00011428919991885777
11254,496,1,1254,32,36,0.05000000074505806,0.5556991565317176,,0.0,0.0,0.00011217399201996159
11284,497,1,1284,33,29,0.05000000074505806,0.5545877582186542,,0.0,0.0,0.00011394133100111503
11314,498,1,1314,34,29,0.05000000074505806,0.553478582702217,,0.0,0.0,0.00011418747890274971
11339,499,1,1339,35,24,0.05000000074505806,0.5523716255368125,,0.0,0.0,0.00011455663450760768
11370,500,1,1370,36,30,0.05000000074505806,0.5512668822857388,,0.0,0.0,0.00011321642705297563
11401,501,1,1401,37,30,0.05000000074505806,0.5501643485211674,,0.0,0.0,0.00010987543719238601
11432,502,1,1432,38,30,0.05000000074505806,0.549064019824125,,0.0,0.0,0.0001107887913894956
11462,503,1,1462,39,29,0.05000000074505806,0.5479658917844767,,0.0,0.0,0.00010820263090863591
11531,504,1,1531,40,68,0.15000000223517418,0.5468699600009078,,0.0,0.0,0.00010855735239601926
11562,505,1,1562,41,30,0.05000000074505806,0.545776220080906,,0.0,0.0,0.0001106333392453962
11707,506,1,1707,42,144,0.3500000052154064,0.5446846676407442,,0.0,0.0,0.00010768674954306334
11738,507,1,1738,43,30,0.05000000074505806,0.5435952983054627,,0.0,0.0,0.00010749410692369566
11770,508,1,1770,44,31,0.05000000074505806,0.5425081077088518,,0.0,0.0,0.00010970603812893387
11806,509,1,1806,45,35,0.10000000149011612,0.5414230914934341,,0.0,0.0,0.0001120677304425044
11836,510,1,1836,46,29,0.05000000074505806,0.5403402453104473,,0.0,0.0,0.00011351203927915776
11867,511,1,1867,47,30,0.05000000074505806,0.5392595648198264,,0.0,0.0,0.00011235597696213518
11898,512,1,1898,48,30,0.05000000074505806,0.5381810456901868,,0.0,0.0,0.00010839944461622508
11929,513,1,1929,49,30,0.05000000074505806,0.5371046835988064,,0.0,0.0,0.00011228827901504701
11972,514,1,1972,50,42,0.05000000074505806,0.5360304742316088,,0.0,0.0,0.00010775885795737849
12003,515,1,2003,51,30,0.05000000074505806,0.5349584132831455,,0.0,0.0,0.00011051319557736861
12034,516,1,2034,52,30,0.05000000074505806,0.5338884964565792,,0.0,0.0,0.00010728161036240636
12064,517,1,2064,53,29,0.05000000074505806,0.532820719463666,,0.0,0.0,0.00010660037380148423
12094,518,1,2094,54,29,0.05000000074505806,0.5317550780247388,,0.0,0.0,0.00010968812326609622
12126,519,1,2126,55,31,0.05000000074505806,0.5306915678686893,,0.0,0.0,0.00010356275328376796
12156,520,1,2156,56,29,0.05000000074505806,0.529630184732952,,0.0,0.0,0.00010134313113667304
12187,521,1,2187,57,30,0.05000000074505806,0.5285709243634861,,0.0,0.0,9.79064417333575e-05
12217,522,1,2217,58,29,0.05000000074505806,0.5275137825147591,,0.0,0.0,9.853670162556228e-05
12247,523,1,2247,59,29,0.05000000074505806,0.5264587549497296,,0.0,0.0,0.00010215176007477567
12278,524,1,2278,60,30,0.05000000074505806,0.5254058374398302,,0.0,0.0,0.00010103110711497721
12319,525,1,2319,61,40,0.10000000149011612,0.5243550257649505,,0.0,0.0,0.00010293615072441753
12349,526,1,2349,62,29,0.05000000074505806,0.5233063157134206,,0.0,0.0,0.00010542269050347387
12388,527,1,2388,63,38,0.05000000074505806,0.5222597030819938,,0.0,0.0,0.0001067225044243969
12419,528,1,2419,64,30,0.05000000074505806,0.5212151836758298,,0.0,0.0,0.00010768350650323554
12436,529,1,2436,65,16,0.0,0.5201727533084781,,0.0,0.0,0.0001073673965584021
12559,530,1,2559,66,122,0.30000000447034836,0.5191324078018612,,0.0,0.0,0.00010603460810671095
12590,531,1,2590,67,30,0.05000000074505806,0.5180941429862574,,0.0,0.0,0.00010570552629360464
12620,532,1,2620,68,29,0.05000000074505806,0.5170579547002849,,0.0,0.0,0.00010764317485154607
12687,533,1,2687,69,66,0.15000000223517418,0.5160238387908843,,0.0,0.0,0.00010450528283399763
12721,534,1,2721,70,33,0.05000000074505806,0.5149917911133025,,0.0,0.0,0.00010435304244310828
12752,535,1,2752,71,30,0.05000000074505806,0.5139618075310759,,0.0,0.0,0.00010258704005536857
12785,536,1,2785,72,32,0.05000000074505806,0.5129338839160138,,0.0,0.0,0.00010372325137723237
12811,537,1,2811,73,25,0.05000000074505806,0.5119080161481818,,0.0,0.0,0.00010194348746153992
12842,538,1,2842,74,30,0.05000000074505806,0.5108842001158854,,0.0,0.0,9.851954731857404e-05
12873,539,1,2873,75,30,0.05000000074505806,0.5098624317156536,,0.0,0.0,9.997262874094304e-05
12904,540,1,2904,76,30,0.05000000074505806,0.5088427068522223,,0.0,0.0,0.0001012805727077648
12933,541,1,2933,77,28,0.05000000074505806,0.5078250214385179,,0.0,0.0,0.00010067527036881075
12948,542,1,2948,78,14,0.0,0.5068093713956409,,0.0,0.0,0.00010251316292851698
12979,543,1,2979,79,30,0.05000000074505806,0.5057957526528496,,0.0,0.0,0.00010349144296924351
13011,544,1,3011,80,31,0.05000000074505806,0.5047841611475439,,0.0,0.0,0.00010188129774178378
13046,545,1,3046,81,34,0.05000000074505806,0.5037745928252488,,0.0,0.0,0.00010157550837902818
13075,546,1,3075,82,28,0.05000000074505806,0.5027670436395983,,0.0,0.0,0.00010299862777173984
13107,547,1,3107,83,31,0.05000000074505806,0.5017615095523191,,0.0,0.0,0.00010294615007296671
13173,548,1,3173,84,65,0.15000000223517418,0.5007579865332145,,0.0,0.0,9.931175838573836e-05
13241,549,1,3241,85,67,0.15000000223517418,0.49975647056014805,,0.0,0.0,0.00010348870575398905
13265,550,1,3265,86,23,0.05000000074505806,0.4987569576190278,,0.0,0.0,0.00010081400323542766
13295,551,1,3295,87,29,0.05000000074505806,0.4977594437037897,,0.0,0.0,0.00010156788681342732
13326,552,1,3326,88,30,0.05000000074505806,0.49676392481638215,,0.0,0.0,9.986396584281465e-05
13356,553,1,3356,89,29,0.05000000074505806,0.4957703969667494,,0.0,0.0,9.835522778303129e-05
13387,554,1,3387,90,30,0.05000000074505806,0.4947788561728159,,0.0,0.0,9.831328872678569e-05
13417,555,1,3417,91,29,0.05000000074505806,0.49378929846047026,,0.0,0.0,9.713036179164192e-05
13450,556,1,3450,92,32,0.05000000074505806,0.4928017198635493,,0.0,0.0,9.698696983832633e-05
13481,557,1,3481,93,30,0.05000000074505806,0.4918161164238222,,0.0,0.0,9.802040385693544e-05
13495,558,1,3495,94,13,0.0,0.4908324841909746,,0.0,0.0,9.507875067356508e-05
13524,559,1,3524,95,28,0.05000000074505806,0.48985081922259266,,0.0,0.0,9.449757446418517e-05
13566,560,1,3566,96,41,0.05000000074505806,0.4888711175841475,,0.0,0.0,9.234203229425475e-05
13583,561,1,3583,97,16,0.0,0.4878933753489792,,0.0,0.0,9.223428329278249e-05
13628,562,1,3628,98,44,0.10000000149011612,0.4869175885982812,,0.0,0.0,9.073776123841526e-05
13659,563,1,3659,99,30,0.05000000074505806,0.48594375342108465,,0.0,0.0,9.14069649661542e-05
13691,564,1,3691,100,31,0.05000000074505806,0.48497186591424246,,0.0,0.0,9.254235857952153e-05
13705,565,1,3705,101,13,0.0,0.484001922182414,,0.0,0.0,9.16748523741262e-05
13757,566,1,3757,102,51,0.10000000149011612,0.48303391833804915,,0.0,0.0,9.208009043504717e-05
13787,567,1,3787,103,29,0.05000000074505806,0.4820678505013731,,0.0,0.0,9.158427121292334e-05
13801,568,1,3801,104,13,0.0,0.48110371480037034,,0.0,0.0,9.083910237677628e-05
13825,569,1,3825,105,23,0.05000000074505806,0.4801415073707696,,0.0,0.0,9.279078967665555e-05
13877,570,1,3877,106,51,0.10000000149011612,0.47918122435602806,,0.0,0.0,8.84084071367397e-05
13945,571,1,3945,107,67,0.15000000223517418,0.478222861907316,,0.0,0.0,8.824066258966923e-05
13996,572,1,3996,108,50,0.10000000149011612,0.47726641618350135,,0.0,0.0,9.059779098606668e-05
14049,573,1,4049,109,52,0.10000000149011612,0.47631188335113434,,0.0,0.0,8.939648007071809e-05
14078,574,1,4078,110,28,0.05000000074505806,0.4753592595844321,,0.0,0.0,8.918701081711333e-05
14108,575,1,4108,111,29,0.05000000074505806,0.4744085410652632,,0.0,0.0,9.0633862746472e-05
14140,576,1,4140,112,31,0.05000000074505806,0.4734597239831327,,0.0,0.0,9.15331024225452e-05
14189,577,1,4189,113,48,0.10000000149011612,0.4725128045351664,,0.0,0.0,9.354347945190966e-05
14219,578,1,4219,114,29,0.05000000074505806,0.4715677789260961,,0.0,0.0,9.451371592149371e-05
14270,579,1,4270,115,50,0.10000000149011612,0.4706246433682439,,0.0,0.0,9.600251683878014e-05
14387,580,1,4387,116,116,0.2500000037252903,0.4696833940815074,,0.0,0.0,9.126573320827446e-05
14441,581,1,4441,117,53,0.10000000149011612,0.46874402729334436,,0.0,0.0,9.060468255484011e-05
14466,582,1,4466,118,24,0.05000000074505806,0.46780653923875765,,0.0,0.0,8.743321181100328e-05
14603,583,1,4603,119,136,0.30000000447034836,0.46687092616028014,,0.0,0.0,9.138230107055278e-05
14633,584,1,4633,120,29,0.05000000074505806,0.4659371843079596,,0.0,0.0,9.150476125796558e-05
14664,585,1,4664,121,30,0.05000000074505806,0.4650053099393437,,0.0,0.0,9.292672963056248e-05
14694,586,1,4694,122,29,0.05000000074505806,0.464075299319465,,0.0,0.0,9.196329719998175e-05
14728,587,1,4728,123,33,0.10000000149011612,0.4631471487208261,,0.0,0.0,9.147290624241578e-05
14758,588,1,4758,124,29,0.05000000074505806,0.4622208544233844,,0.0,0.0,8.916132916056085e-05
14849,589,1,4849,125,90,0.20000000298023224,0.46129641271453764,,0.0,0.0,9.10693049809197e-05
14880,590,1,4880,126,30,0.05000000074505806,0.4603738198891086,,0.0,0.0,8.965258759417338e-05
14911,591,1,4911,127,30,0.05000000074505806,0.45945307224933035,,0.0,0.0,9.158147378911962e-05
14942,592,1,4942,128,30,0.05000000074505806,0.45853416610483166,,0.0,0.0,8.99664332609973e-05
14972,593,1,4972,129,29,0.05000000074505806,0.457617097772622,,0.0,0.0,9.034838927618694e-05
14986,594,1,4986,130,13,0.0,0.45670186357707676,,0.0,0.0,8.948488866735715e-05
15037,595,1,5037,131,50,0.10000000149011612,0.4557884598499226,,0.0,0.0,8.848521832987899e-05
15127,596,1,5127,132,89,0.20000000298023224,0.45487688293022277,,0.0,0.0,8.758585805480834e-05
15158,597,1,5158,133,30,0.05000000074505806,0.4539671291643623,,0.0,0.0,9.06372759709484e-05
15227,598,1,5227,134,68,0.15000000223517418,0.4530591949060336,,0.0,0.0,9.548961232212605e-05
15258,599,1,5258,135,30,0.05000000074505806,0.4521530765162215,,0.0,0.0,9.608871539967367e-05
15288,600,1,5288,136,29,0.05000000074505806,0.45124877036318906,,0.0,0.0,9.111185059737181e-05
15314,601,1,5314,137,25,0.05000000074505806,0.4503462728224627,,0.0,0.0,9.228323349816492e-05
15385,602,1,5385,138,70,0.15000000223517418,0.4494455802768178,,0.0,0.0,8.767576888203621e-05
15455,603,1,5455,139,69,0.15000000223517418,0.44854668911626416,,0.0,0.0,8.290586789371446e-05
15506,604,1,5506,140,50,0.10000000149011612,0.44764959573803165,,0.0,0.0,8.473491448967252e-05
15537,605,1,5537,141,30,0.05000000074505806,0.4467542965465556,,0.0,0.0,8.629475647467188e-05
15590,606,1,5590,142,52,0.10000000149011612,0.44586078795346246,,0.0,0.0,8.687082034157356e-05
15715,607,1,5715,143,124,0.30000000447034836,0.4449690663775555,,0.0,0.0,8.536992711015045e-05
15746,608,1,5746,144,30,0.05000000074505806,0.4440791282448004,,0.0,0.0,8.635755733848782e-05
15776,609,1,5776,145,29,0.05000000074505806,0.4431909699883108,,0.0,0.0,8.569951634854078e-05
15846,610,1,5846,146,69,0.15000000223517418,0.44230458804833417,,0.0,0.0,8.963765190856066e-05
15876,611,1,5876,147,29,0.05000000074505806,0.4414199788722375,,0.0,0.0,9.086738351470558e-05
15890,612,1,5890,148,13,0.0,0.44053713891449303,,0.0,0.0,8.92512080463348e-05
15920,613,1,5920,149,29,0.05000000074505806,0.43965606463666407,,0.0,0.0,8.890989269275451e-05
16010,614,1,6010,150,89,0.20000000298023224,0.43877675250739073,,0.0,0.0,8.97972188613494e-05
16063,615,1,6063,151,52,0.10000000149011612,0.43789919900237595,,0.0,0.0,8.529740935045993e-05
16115,616,1,6115,152,51,0.10000000149011612,0.43702340060437117,,0.0,0.0,8.58359113408369e-05
16166,617,1,6166,153,50,0.10000000149011612,0.43614935380316244,,0.0,0.0,8.47792018612381e-05
16220,618,1,6220,154,53,0.10000000149011612,0.43527705509555614,,0.0,0.0,8.234973101934883e-05
16234,619,1,6234,155,13,0.0,0.43440650098536504,,0.0,0.0,8.291143236419884e-05
16303,620,1,6303,156,68,0.15000000223517418,0.4335376879833943,,0.0,0.0,8.046090690186247e-05
16373,621,1,6373,157,69,0.15000000223517418,0.4326706126074275,,0.0,0.0,8.0473308917135e-05
16424,622,1,6424,158,50,0.10000000149011612,0.43180527138221264,,0.0,0.0,8.40312869695481e-05
16454,623,1,6454,159,29,0.05000000074505806,0.43094166083944824,,0.0,0.0,8.356940510566346e-05
16506,624,1,6506,160,51,0.10000000149011612,0.4300797775177693,,0.0,0.0,8.630649434053339e-05
16581,625,1,6581,161,74,0.15000000223517418,0.4292196179627338,,0.0,0.0,8.457210522465175e-05
16632,626,1,6632,162,50,0.10000000149011612,0.4283611787268083,,0.0,0.0,8.325873783178395e-05
16741,627,1,6741,163,108,0.2500000037252903,0.4275044563693547,,0.0,0.0,8.625648471934255e-05
16774,628,1,6774,164,32,0.0,0.426649447456616,,0.0,0.0,9.245281242328929e-05
16826,629,1,6826,165,51,0.10000000149011612,0.4257961485617027,,0.0,0.0,9.120115901168901e-05
16840,630,1,6840,166,13,0.0,0.42494455626457933,,0.0,0.0,9.458086144150002e-05
16910,631,1,6910,167,69,0.15000000223517418,0.4240946671520502,,0.0,0.0,9.478400163061451e-05
16940,632,1,6940,168,29,0.05000000074505806,0.4232464778177461,,0.0,0.0,9.299479650508147e-05
16971,633,1,6971,169,30,0.05000000074505806,0.4223999848621106,,0.0,0.0,8.846262495353586e-05
17041,634,1,7041,170,69,0.15000000223517418,0.4215551848923864,,0.0,0.0,8.853441955579911e-05
17071,635,1,7071,171,29,0.05000000074505806,0.4207120745226016,,0.0,0.0,8.671820414747344e-05
17199,636,1,7199,172,127,0.30000000447034836,0.4198706503735564,,0.0,0.0,8.575085012125782e-05
17345,637,1,7345,173,145,0.3500000052154064,0.4190309090728093,,0.0,0.0,8.392840674787295e-05
17409,638,1,7409,174,63,0.15000000223517418,0.4181928472546637,,0.0,0.0,8.615400976850651e-05
17439,639,1,7439,175,29,0.05000000074505806,0.4173564615601544,,0.0,0.0,8.762410034250934e-05
17470,640,1,7470,176,30,0.05000000074505806,0.41652174863703406,,0.0,0.0,8.943342116253917e-05
17500,641,1,7500,177,29,0.05000000074505806,0.41568870513976,,0.0,0.0,8.988555888208793e-05
17551,642,1,7551,178,50,0.10000000149011612,0.4148573277294805,,0.0,0.0,8.793119955953443e-05
17603,643,1,7603,179,51,0.10000000149011612,0.4140276130740215,,0.0,0.0,8.747435040277197e-05
17671,644,1,7671,180,67,0.15000000223517418,0.4131995578478735,,0.0,0.0,8.85305589690688e-05
17746,645,1,7746,181,74,0.15000000223517418,0.4123731587321777,,0.0,0.0,8.791495904006297e-05
17798,646,1,7798,182,51,0.10000000149011612,0.41154841241471335,,0.0,0.0,8.692676994542125e-05
17849,647,1,7849,183,50,0.10000000149011612,0.4107253155898839,,0.0,0.0,8.495845282595838e-05
17918,648,1,7918,184,68,0.15000000223517418,0.4099038649587041,,0.0,0.0,8.479157841065899e-05
17970,649,1,7970,185,51,0.10000000149011612,0.4090840572287867,,0.0,0.0,8.442343059869017e-05
18041,650,1,8041,186,70,0.15000000223517418,0.40826588911432915,,0.0,0.0,8.466233826766256e-05
18112,651,1,8112,187,70,0.15000000223517418,0.4074493573361005,,0.0,0.0,8.126327982608927e-05
18240,652,1,8240,188,127,0.30000000447034836,0.4066344586214283,,0.0,0.0,7.97401693489519e-05
18326,653,1,8326,189,85,0.20000000298023224,0.4058211897041854,,0.0,0.0,8.335369624546729e-05
18522,654,1,8522,190,195,0.5000000074505806,0.405009547324777,,0.0,0.0,7.782474047417054e-05
18573,655,1,8573,191,50,0.10000000149011612,0.40419952823012745,,0.0,0.0,8.00617898494238e-05
18684,656,1,8684,192,110,0.2500000037252903,0.4033911291736672,,0.0,0.0,8.097353969787946e-05
18850,657,1,8850,193,165,0.4000000059604645,0.40258434691531986,,0.0,0.0,8.083676886599277e-05
18920,658,1,8920,194,69,0.15000000223517418,0.40177917822148923,,0.0,0.0,7.839310888812179e-05
18972,659,1,8972,195,51,0.10000000149011612,0.40097561986504626,,0.0,0.0,8.148522309056716e-05
19023,660,1,9023,196,50,0.10000000149011612,0.40017366862531617,,0.0,0.0,8.162863825418754e-05
19168,661,1,9168,197,144,0.3500000052154064,0.3993733212880655,,0.0,0.0,8.368458256882149e-05
19181,662,1,9181,198,12,0.0,0.3985745746454894,,0.0,0.0,8.343816647538915e-05
19205,663,1,9205,199,23,0.05000000074505806,0.39777742549619843,,0.0,0.0,8.318955020513386e-05
19372,664,1,9372,200,166,0.4000000059604645,0.396981870645206,,0.0,0.0,8.687041572557064e-05
19433,665,1,9433,201,60,0.10000000149011612,0.3961879069039156,,0.0,0.0,8.969397702458082e-05
19464,666,1,9464,202,30,0.05000000074505806,0.3953955310901078,,0.0,0.0,8.732341491850093e-05
19516,667,1,9516,203,51,0.10000000149011612,0.39460474002792756,,0.0,0.0,8.797208967735059e-05
19541,668,1,9541,204,24,0.05000000074505806,0.3938155305478717,,0.0,0.0,8.703197105205618e-05
19616,669,1,9616,205,74,0.10000000149011612,0.39302789948677597,,0.0,0.0,8.276807820948307e-05
19839,670,1,9839,206,222,0.5500000081956387,0.3922418436878024,,0.0,0.0,8.728611312108114e-05
19889,671,1,9889,207,49,0.05000000074505806,0.3914573600004268,,0.0,0.0,8.803573771729134e-05
19978,672,1,9978,208,88,0.20000000298023224,0.39067444528042594,,0.0,0.0,9.309966117143631e-05
20000,673,1,10000,209,22,0.05000000074505806,0.3898930963898651,,0.0,0.0,9.201147804560605e-05
20038,674,2,38,1,37,0.10000000149011612,0.38911331019708534,,0.0,0.0,9.15955170057714e-05
20275,675,2,275,2,236,0.5500000081956387,0.38833508357669116,,0.0,0.0,9.377312868309673e-05
20528,676,2,528,3,252,0.5500000081956387,0.3875584134095378,,0.0,0.0,9.587356089468813e-05
20629,677,2,629,4,100,0.20000000298023224,0.3867832965827187,,0.0,0.0,9.066595379408682e-05
20787,678,2,787,5,157,0.3500000052154064,0.38600972998955324,,0.0,0.0,9.662400032539153e-05
20826,679,2,826,6,38,0.05000000074505806,0.3852377105295741,,0.0,0.0,9.827655714616412e-05
20992,680,2,992,7,165,0.4000000059604645,0.384467235108515,,0.0,0.0,9.8927769176953e-05
21176,681,2,1176,8,183,0.45000000670552254,0.38369830063829796,,0.0,0.0,0.00010480332446604734
21327,682,2,1327,9,150,0.30000000447034836,0.38293090403702135,,0.0,0.0,0.0001074432263703784
21652,683,2,1652,10,324,0.800000011920929,0.3821650422289473,,0.0,0.0,9.756931376614375e-05
21914,684,2,1914,11,261,0.6500000096857548,0.3814007121444894,,0.0,0.0,0.00010084181652928237
22118,685,2,2118,12,203,0.5000000074505806,0.3806379107202004,,0.0,0.0,0.00010879075409320649
22912,686,2,2912,13,793,2.0500000305473804,0.37987663489876,,0.0,0.0,0.00010964444954879582
22975,687,2,2975,14,62,0.05000000074505806,0.37911688162896245,,0.0,0.0,0.0001097060133179184
23122,688,2,3122,15,146,0.3500000052154064,0.37835864786570456,,0.0,0.0,0.0001090370940437424
23153,689,2,3153,16,30,0.05000000074505806,0.37760193056997315,,0.0,0.0,0.00010863623538170941
23467,690,2,3467,17,313,0.7500000111758709,0.3768467267088332,,0.0,0.0,0.00010955386213026941
23915,691,2,3915,18,447,1.1500000171363354,0.3760930332554155,,0.0,0.0,0.00011552337677130709
23967,692,2,3967,19,51,0.05000000074505806,0.37534084718890465,,0.0,0.0,0.00011445261727203615
24070,693,2,4070,20,102,0.2500000037252903,0.37459016549452684,,0.0,0.0,0.00011946914131840459
24615,694,2,4615,21,544,1.4000000208616257,0.3738409851635378,,0.0,0.0,0.00011868177742144326
24629,695,2,4629,22,13,0.0,0.3730933031932107,,0.0,0.0,0.00011862250772537664
24966,696,2,4966,23,336,0.850000012665987,0.3723471165868243,,0.0,0.0,0.00011432765259087319
25032,697,2,5032,24,65,0.15000000223517418,0.37160242235365065,,0.0,0.0,0.00011394832934456644
25425,698,2,5425,25,392,1.0000000149011612,0.37085921750894335,,0.0,0.0,0.00011215197147976141
25706,699,2,5706,26,280,0.7000000104308128,0.37011749907392544,,0.0,0.0,0.00012144103598984657
25910,700,2,5910,27,203,0.5000000074505806,0.3693772640757776,,0.0,0.0,0.00011741359310690313
26275,701,2,6275,28,364,0.9000000134110451,0.36863850954762606,,0.0,0.0,0.00012459361263609026
26341,702,2,6341,29,65,0.15000000223517418,0.3679012325285308,,0.0,0.0,0.00011988855367235373
26471,703,2,6471,30,129,0.30000000447034836,0.36716543006347374,,0.0,0.0,0.00011634543116088026
27055,704,2,7055,31,583,1.4500000216066837,0.36643109920334677,,0.0,0.0,0.000136125672433991
27538,705,2,7538,32,482,1.2500000186264515,0.3656982370049401,,0.0,0.0,0.00011469649645732715
27760,706,2,7760,33,221,0.5500000081956387,0.3649668405309302,,0.0,0.0,0.00011271170795225772
27955,707,2,7955,34,194,0.45000000670552254,0.36423690684986837,,0.0,0.0,0.0001168279083140078
28025,708,2,8025,35,69,0.15000000223517418,0.36350843303616864,,0.0,0.0,0.00011733435065252706
28132,709,2,8132,36,106,0.20000000298023224,0.3627814161700963,,0.0,0.0,0.00011273448097199435
28181,710,2,8181,37,48,0.05000000074505806,0.3620558533377561,,0.0,0.0,0.00011608549695665715
28233,711,2,8233,38,51,0.10000000149011612,0.36133174163108056,,0.0,0.0,0.00011337533447658643
28341,712,2,8341,39,107,0.2500000037252903,0.3606090781478184,,0.0,0.0,0.0001132922313263407
28393,713,2,8393,40,51,0.10000000149011612,0.3598878599915228,,0.0,0.0,0.00011414498745580203
28787,714,2,8787,41,393,1.0000000149011612,0.35916808427153973,,0.0,0.0,0.0001192227387582534
28926,715,2,8926,42,138,0.30000000447034836,0.3584497481029967,,0.0,0.0,0.00011856961285957369
28997,716,2,8997,43,70,0.15000000223517418,0.35773284860679067,,0.0,0.0,0.00011243368750001537
29239,717,2,9239,44,241,0.6000000089406967,0.3570173829095771,,0.0,0.0,0.00011296150223643054
29481,718,2,9481,45,241,0.6000000089406967,0.3563033481437579,,0.0,0.0,0.00012022628940030699
29964,719,2,9964,46,482,1.2500000186264515,0.3555907414474704,,0.0,0.0,0.00012189626751933246
30000,720,2,10000,47,36,0.05000000074505806,0.35487955996457543,,0.0,0.0,0.00012332510283158627
30397,721,3,397,1,396,1.0500000156462193,0.3541698008446463,,0.0,0.0,0.00012319369991018903
30716,722,3,716,2,318,0.800000011920929,0.35346146124295696,,0.0,0.0,0.00011329189368552761
30911,723,3,911,3,194,0.5000000074505806,0.35275453832047104,,0.0,0.0,0.00011762048961827531
31911,724,3,1911,4,999,2.600000038743019,0.3520490292438301,,0.0,0.0,0.0001229194195184391
32911,725,3,2911,5,999,2.650000039488077,0.35134493118534244,,0.0,0.0,0.00012290972284972667
32996,726,3,2996,6,84,0.20000000298023224,0.3506422413229717,,0.0,0.0,0.00012857079393143066
33048,727,3,3048,7,51,0.10000000149011612,0.3499409568403258,,0.0,0.0,0.00012856808963988443
34048,728,3,4048,8,999,2.600000038743019,0.34924107492664513,,0.0,0.0,0.00012723342508252244
35048,729,3,5048,9,999,2.650000039488077,0.34854259277679184,,0.0,0.0,0.00013308978366694647
36048,730,3,6048,10,999,2.600000038743019,0.3478455075912383,,0.0,0.0,0.00013261997330118902
37048,731,3,7048,11,999,2.650000039488077,0.3471498165760558,,0.0,0.0,0.00013116769558109808
38048,732,3,8048,12,999,2.600000038743019,0.3464555169429037,,0.0,0.0,0.00014312171570054488
39048,733,3,9048,13,999,2.650000039488077,0.3457626059090179,,0.0,0.0,0.00013131859675922898
40000,734,3,10000,14,952,2.500000037252903,0.3450710806971999,,0.0,0.0,0.00013461863087286475
40011,735,4,11,1,10,0.0,0.3443809385358055,,0.0,0.0,0.00013659057720360579
41011,736,4,1011,2,999,2.600000038743019,0.34369217665873386,,0.0,0.0,0.00013994615139381494
41187,737,4,1187,3,175,0.45000000670552254,0.3430047923054164,,0.0,0.0,0.00013813837485940895
42187,738,4,2187,4,999,2.600000038743019,0.34231878272080557,,0.0,0.0,0.00015294434324459872
43187,739,4,3187,5,999,2.600000038743019,0.34163414515536394,,0.0,0.0,0.00014868505684717092
44187,740,4,4187,6,999,2.650000039488077,0.3409508768650532,,0.0,0.0,0.00013635958261147606
44289,741,4,4289,7,101,0.2500000037252903,0.3402689751113231,,0.0,0.0,0.00014591724648198577
45289,742,4,5289,8,999,2.600000038743019,0.33958843716110043,,0.0,0.0,0.0001293839168283739
46289,743,4,6289,9,999,2.600000038743019,0.33890926028677826,,0.0,0.0,0.000142883249282022
47289,744,4,7289,10,999,2.650000039488077,0.3382314417662047,,0.0,0.0,0.00013829601459292463
47673,745,4,7673,11,383,0.9500000141561031,0.3375549788826723,,0.0,0.0,0.00013013717445574003
47700,746,4,7700,12,26,0.05000000074505806,0.33687986892490696,,0.0,0.0,0.00012978378166735637
47866,747,4,7866,13,165,0.4000000059604645,0.3362061091870571,,0.0,0.0,0.00014371930566994706
48866,748,4,8866,14,999,2.600000038743019,0.335533696968683,,0.0,0.0,0.0001483512511185836
49116,749,4,9116,15,249,0.6000000089406967,0.33486262957474566,,0.0,0.0,0.00012298212375753793
49186,750,4,9186,16,69,0.15000000223517418,0.3341929043155962,,0.0,0.0,0.00013120584408170543
49237,751,4,9237,17,50,0.05000000074505806,0.33352451850696496,,0.0,0.0,0.00014200130539393285
49344,752,4,9344,18,106,0.2500000037252903,0.33285746946995104,,0.0,0.0,0.0001594194809513283
49411,753,4,9411,19,66,0.15000000223517418,0.33219175453101113,,0.0,0.0,0.00015402869848912815
49520,754,4,9520,20,108,0.2500000037252903,0.3315273710219491,,0.0,0.0,0.00014809158634307095
49577,755,4,9577,21,56,0.10000000149011612,0.3308643162799052,,0.0,0.0,0.00014556141108187148
50000,756,4,10000,22,423,1.1000000163912773,0.3302025876473454,,0.0,0.0,0.00014457354416663292
50625,757,5,625,1,624,1.650000024586916,0.3295421824720507,,0.0,0.0,0.00015578602735331516
51625,758,5,1625,2,999,2.600000038743019,0.3288830981071066,,0.0,0.0,0.00013843748991348547
51629,759,5,1629,3,3,0.0,0.32822533191089237,,0.0,0.0,0.00013979557446873513
52250,760,5,2250,4,620,1.600000023841858,0.32756888124707056,,0.0,0.0,0.00014912437814928125
52823,761,5,2823,5,572,1.4500000216066837,0.3269137434845764,,0.0,0.0,0.0001536758674410521
53054,762,5,3054,6,230,0.5500000081956387,0.3262599159976073,,0.0,0.0,0.0001509873328905087
53449,763,5,3449,7,394,1.0000000149011612,0.3256073961656121,,0.0,0.0,0.0001472225450197584
53930,764,5,3930,8,480,1.1500000171363354,0.32495618137328086,,0.0,0.0,0.00015202328340819805
54097,765,5,4097,9,166,0.4000000059604645,0.3243062690105343,,0.0,0.0,0.00015042284638184356
54699,766,5,4699,10,601,1.5500000230967999,0.3236576564725132,,0.0,0.0,0.00014231102002668195
54765,767,5,4765,11,65,0.10000000149011612,0.32301034115956817,,0.0,0.0,0.00013239001447800546
55141,768,5,5141,12,375,0.9500000141561031,0.32236432047724906,,0.0,0.0,0.00017646419422817416
56141,769,5,6141,13,999,2.600000038743019,0.32171959183629456,,0.0,0.0,0.00013015608517889633
56145,770,5,6145,14,3,0.0,0.32107615265262196,,0.0,0.0,0.0001282995974906953
56631,771,5,6631,15,485,1.2000000178813934,0.3204340003473167,,0.0,0.0,0.00014349726876389468
56736,772,5,6736,16,104,0.2500000037252903,0.3197931323466221,,0.0,0.0,0.0001359046446305001
57017,773,5,7017,17,280,0.7000000104308128,0.31915354608192886,,0.0,0.0,0.00015032284125481965
57296,774,5,7296,18,278,0.6000000089406967,0.318515238989765,,0.0,0.0,0.00013467410135490355
57786,775,5,7786,19,489,1.2500000186264515,0.3178782085117855,,0.0,0.0,0.0001176496832704288
58175,776,5,8175,20,388,1.0000000149011612,0.31724245209476193,,0.0,0.0,0.00012883199478892494
58398,777,5,8398,21,222,0.5500000081956387,0.3166079671905724,,0.0,0.0,0.0001415419420663966
58462,778,5,8462,22,63,0.10000000149011612,0.31597475125619123,,0.0,0.0,0.0001348906568455277
59462,779,5,9462,23,999,2.600000038743019,0.31534280175367885,,0.0,0.0,0.00012347350118943723
59639,780,5,9639,24,176,0.45000000670552254,0.3147121161501715,,0.0,0.0,0.00011484916356494068
60000,781,5,10000,25,361,0.9000000134110451,0.31408269191787114,,0.0,0.0,0.00011682210402796045
60024,782,6,24,1,23,0.05000000074505806,0.3134545265340354,,0.0,0.0,0.00011925550359592307
60951,783,6,951,2,926,2.400000035762787,0.3128276174809673,,0.0,0.0,0.000136817884449556
61951,784,6,1951,3,999,2.600000038743019,0.3122019622460054,,0.0,0.0,0.00010745265184596065
61975,785,6,1975,4,23,0.05000000074505806,0.31157755832151335,,0.0,0.0,0.00010730739346399787
62761,786,6,2761,5,785,2.0000000298023224,0.31095440320487033,,0.0,0.0,0.00011857549819978886
62984,787,6,2984,6,222,0.5500000081956387,0.3103324943984606,,0.0,0.0,0.00011556299887161003
63303,788,6,3303,7,318,0.800000011920929,0.3097118294096637,,0.0,0.0,9.952847205568104e-05
64041,789,6,4041,8,737,1.9000000283122063,0.30909240575084435,,0.0,0.0,9.622229403248639e-05
64303,790,6,4303,9,261,0.6500000096857548,0.3084742209393427,,0.0,0.0,0.00011525470408741967
64406,791,6,4406,10,102,0.20000000298023224,0.307857272497464,,0.0,0.0,0.000110161259490269
64647,792,6,4647,11,240,0.6000000089406967,0.30724155795246905,,0.0,0.0,0.00011622750025708228
64853,793,6,4853,12,205,0.5000000074505806,0.3066270748365641,,0.0,0.0,0.00011327031377732055
65480,794,6,5480,13,626,1.600000023841858,0.306013820686891,,0.0,0.0,0.00011247797423493467
66480,795,6,6480,14,999,2.550000037997961,0.3054017930455172,,0.0,0.0,9.532524216410821e-05
66902,796,6,6902,15,421,1.1000000163912773,0.3047909894594261,,0.0,0.0,8.927953975216951e-05
67030,797,6,7030,16,127,0.30000000447034836,0.30418140748050726,,0.0,0.0,9.8409304400775e-05
67215,798,6,7215,17,184,0.45000000670552254,0.30357304466554624,,0.0,0.0,8.79797862489795e-05
67306,799,6,7306,18,90,0.20000000298023224,0.30296589857621514,,0.0,0.0,9.580968985574145e-05
67337,800,6,7337,19,30,0.05000000074505806,0.30235996677906274,,0.0,0.0,9.661328754191345e-05
67667,801,6,7667,20,329,0.850000012665987,0.3017552468455046,,0.0,0.0,0.00010115526630215755
68129,802,6,8129,21,461,1.1500000171363354,0.3011517363518136,,0.0,0.0,9.786677796910225e-05
68142,803,6,8142,22,12,0.0,0.30054943287910996,,0.0,0.0,9.648113074035791e-05
68440,804,6,8440,23,297,0.7500000111758709,0.29994833401335175,,0.0,0.0,8.988687833152653e-05
68602,805,6,8602,24,161,0.4000000059604645,0.29934843734532507,,0.0,0.0,9.751248808242963e-05
68729,806,6,8729,25,126,0.30000000447034836,0.2987497404706344,,0.0,0.0,9.564949503328535e-05
68781,807,6,8781,26,51,0.05000000074505806,0.2981522409896931,,0.0,0.0,0.00010157424141652882
69437,808,6,9437,27,655,1.700000025331974,0.2975559365077137,,0.0,0.0,9.454222963540815e-05
69451,809,6,9451,28,13,0.0,0.2969608246346983,,0.0,0.0,9.519150025880663e-05
70000,810,6,10000,29,549,1.4000000208616257,0.2963669029854289,,0.0,0.0,0.00010063593725135434
70045,811,7,45,1,44,0.10000000149011612,0.29577416917945804,,0.0,0.0,9.903043322992744e-05
70135,812,7,135,2,89,0.20000000298023224,0.29518262084109914,,0.0,0.0,8.818428309496085e-05
71135,813,7,1135,3,999,2.600000038743019,0.29459225559941693,,0.0,0.0,8.366236569600005e-05
72135,814,7,2135,4,999,2.650000039488077,0.2940030710882181,,0.0,0.0,7.913735556940083e-05
72275,815,7,2275,5,139,0.3500000052154064,0.2934150649460417,,0.0,0.0,8.951063309723395e-05
72344,816,7,2344,6,68,0.15000000223517418,0.2928282348161496,,0.0,0.0,8.768299232542632e-05
72545,817,7,2545,7,200,0.45000000670552254,0.2922425783465173,,0.0,0.0,7.296456346011837e-05
72745,818,7,2745,8,199,0.5000000074505806,0.2916580931898243,,0.0,0.0,9.641912460210733e-05
73153,819,7,3153,9,407,1.0500000156462193,0.29107477700344464,,0.0,0.0,6.549878316945979e-05
73183,820,7,3183,10,29,0.05000000074505806,0.29049262744943777,,0.0,0.0,7.239317925268551e-05
73423,821,7,3423,11,239,0.6000000089406967,0.2899116421945389,,0.0,0.0,8.905578680241888e-05
73524,822,7,3524,12,100,0.2500000037252903,0.2893318189101498,,0.0,0.0,8.694567538441333e-05
73651,823,7,3651,13,126,0.30000000447034836,0.28875315527232953,,0.0,0.0,8.046566071243433e-05
74003,824,7,4003,14,351,0.9000000134110451,0.2881756489617849,,0.0,0.0,7.84660094177525e-05
74046,825,7,4046,15,42,0.10000000149011612,0.28759929766386133,,0.0,0.0,6.938937678569346e-05
74076,826,7,4076,16,29,0.05000000074505806,0.2870240990685336,,0.0,0.0,7.178905865657725e-05
74146,827,7,4146,17,69,0.15000000223517418,0.28645005087039654,,0.0,0.0,8.389322489165352e-05
74312,828,7,4312,18,165,0.4000000059604645,0.2858771507686558,,0.0,0.0,6.373270190124458e-05
74531,829,7,4531,19,218,0.5500000081956387,0.28530539646711844,,0.0,0.0,7.494998289075738e-05
74605,830,7,4605,20,73,0.15000000223517418,0.2847347856741842,,0.0,0.0,7.349370226620521e-05
74725,831,7,4725,21,119,0.2500000037252903,0.28416531610283585,,0.0,0.0,8.497997822360049e-05
75357,832,7,5357,22,631,1.5500000230967999,0.28359698547063017,,0.0,0.0,7.412620445393259e-05
76035,833,7,6035,23,677,1.700000025331974,0.28302979149968893,,0.0,0.0,8.788057673882577e-05
76193,834,7,6193,24,157,0.3500000052154064,0.28246373191668955,,0.0,0.0,8.768832009991456e-05
76436,835,7,6436,25,242,0.6000000089406967,0.2818988044528562,,0.0,0.0,0.00011267066351138055
77033,836,7,7033,26,596,1.5000000223517418,0.28133500684395046,,0.0,0.0,0.00010236252533104561
77199,837,7,7199,27,165,0.4000000059604645,0.28077233683026254,,0.0,0.0,7.438050627570192e-05
77958,838,7,7958,28,758,1.9000000283122063,0.280210792156602,,0.0,0.0,8.620087223334849e-05
78105,839,7,8105,29,146,0.3500000052154064,0.2796503705722888,,0.0,0.0,9.552917978908226e-05
78234,840,7,8234,30,128,0.30000000447034836,0.27909106983114423,,0.0,0.0,6.681822241716873e-05
78401,841,7,8401,31,166,0.4000000059604645,0.27853288769148193,,0.0,0.0,8.362561253306922e-05
78567,842,7,8567,32,165,0.4000000059604645,0.277975821916099,,0.0,0.0,6.842795319244033e-05
78734,843,7,8734,33,166,0.3500000052154064,0.2774198702722668,,0.0,0.0,7.255303109559463e-05
78958,844,7,8958,34,223,0.5500000081956387,0.27686503053172223,,0.0,0.0,0.0001058558683780575
79108,845,7,9108,35,149,0.3500000052154064,0.27631130047065877,,0.0,0.0,8.948716566010263e-05
79267,846,7,9267,36,158,0.4000000059604645,0.2757586778697175,,0.0,0.0,8.050274850575078e-05
79701,847,7,9701,37,433,1.1000000163912773,0.27520716051397803,,0.0,0.0,7.313269385122112e-05
80000,848,7,10000,38,298,0.7500000111758709,0.27465674619295005,,0.0,0.0,8.188730952042533e-05
80035,849,8,35,1,34,0.10000000149011612,0.27410743270056415,,0.0,0.0,7.640791464837093e-05
80066,850,8,66,2,30,0.05000000074505806,0.273559217835163,,0.0,0.0,7.417620189698936e-05
80118,851,8,118,3,51,0.10000000149011612,0.27301209939949267,,0.0,0.0,8.117995253087429e-05
80439,852,8,439,4,320,0.800000011920929,0.27246607520069366,,0.0,0.0,0.00010275146587446216
81439,853,8,1439,5,999,2.600000038743019,0.27192114305029225,,0.0,0.0,9.409131971551687e-05
82262,854,8,2262,6,822,2.1500000320374966,0.27137730076419164,,0.0,0.0,9.068343967555848e-05
83128,855,8,3128,7,865,2.2500000335276127,0.2708345461626633,,0.0,0.0,8.408038183915778e-05
83243,856,8,3243,8,114,0.2500000037252903,0.27029287707033794,,0.0,0.0,7.74486364753102e-05
84243,857,8,4243,9,999,2.550000037997961,0.26975229131619727,,0.0,0.0,0.00010454719505105459
84330,858,8,4330,10,86,0.20000000298023224,0.26921278673356486,,0.0,0.0,0.00010622283391967358
85038,859,8,5038,11,707,1.8000000268220901,0.26867436116009774,,0.0,0.0,8.167560473339108e-05
85139,860,8,5139,12,100,0.2500000037252903,0.26813701243777754,,0.0,0.0,8.774008368163777e-05
85837,861,8,5837,13,697,1.8000000268220901,0.267600738412902,,0.0,0.0,0.00010663600787665927
86478,862,8,6478,14,640,1.650000024586916,0.2670655369360762,,0.0,0.0,9.903608541208087e-05
86606,863,8,6606,15,127,0.30000000447034836,0.26653140586220403,,0.0,0.0,0.00011030837285034068
87606,864,8,7606,16,999,2.550000037997961,0.26599834305047965,,0.0,0.0,0.0001165169805790356
87966,865,8,7966,17,359,0.9500000141561031,0.2654663463643787,,0.0,0.0,9.497793374066532e-05
88265,866,8,8265,18,298,0.7500000111758709,0.26493541367164997,,0.0,0.0,0.00012586943919814074
88621,867,8,8621,19,355,0.9000000134110451,0.2644055428443067,,0.0,0.0,8.218068930545996e-05
89040,868,8,9040,20,418,1.0500000156462193,0.26387673175861803,,0.0,0.0,0.00010624462217492692
89321,869,8,9321,21,280,0.7000000104308128,0.2633489782951008,,0.0,0.0,9.88632895223418e-05
89545,870,8,9545,22,223,0.5500000081956387,0.26282228033851057,,0.0,0.0,8.609579212134123e-05
89864,871,8,9864,23,318,0.800000011920929,0.2622966357778336,,0.0,0.0,8.922773288759345e-05
90000,872,8,10000,24,136,0.30000000447034836,0.2617720425062779,,0.0,0.0,0.00010108005788424635
90178,873,9,178,1,177,0.45000000670552254,0.26124849842126535,,0.0,0.0,8.644097097203485e-05
90383,874,9,383,2,204,0.45000000670552254,0.2607260014244228,,0.0,0.0,0.0001176032870716881
90569,875,9,569,3,185,0.45000000670552254,0.26020454942157395,,0.0,0.0,9.537014011584688e-05
90599,876,9,599,4,29,0.05000000074505806,0.2596841403227308,,0.0,0.0,9.86771116276941e-05
90690,877,9,690,5,90,0.20000000298023224,0.2591647720420853,,0.0,0.0,9.73155411247717e-05
91278,878,9,1278,6,587,1.5000000223517418,0.2586464424980012,,0.0,0.0,0.00010835975108420825
91329,879,9,1329,7,50,0.10000000149011612,0.25812914961300515,,0.0,0.0,0.00011634129511548963
91381,880,9,1381,8,51,0.10000000149011612,0.2576128913137791,,0.0,0.0,0.00010507730334211374
91529,881,9,1529,9,147,0.3500000052154064,0.25709766553115154,,0.0,0.0,0.00011802461273873632
91680,882,9,1680,10,150,0.3500000052154064,0.25658347020008926,,0.0,0.0,0.00011379743124962261
91810,883,9,1810,11,129,0.30000000447034836,0.2560703032596891,,0.0,0.0,0.00010920622216872288
92053,884,9,2053,12,242,0.6000000089406967,0.2555581626531697,,0.0,0.0,0.00010560084886492405
92545,885,9,2545,13,491,1.2500000186264515,0.2550470463278634,,0.0,0.0,0.0001306851191839087
92675,886,9,2675,14,129,0.30000000447034836,0.25453695223520767,,0.0,0.0,0.00011179816822732392
93340,887,9,3340,15,664,1.700000025331974,0.25402787833073726,,0.0,0.0,0.00010768433962766721
93641,888,9,3641,16,300,0.7500000111758709,0.2535198225740758,,0.0,0.0,0.00010699226951146556
93861,889,9,3861,17,219,0.5500000081956387,0.25301278292892765,,0.0,0.0,0.00010518199259422545
93976,890,9,3976,18,114,0.2500000037252903,0.25250675736306977,,0.0,0.0,9.993498858420935e-05
94085,891,9,4085,19,108,0.2500000037252903,0.2520017438483436,,0.0,0.0,0.00010783677587824059
94327,892,9,4327,20,241,0.6000000089406967,0.2514977403606469,,0.0,0.0,0.00011027982791347312
94380,893,9,4380,21,52,0.10000000149011612,0.2509947448799256,,0.0,0.0,0.00011523247100740263
95380,894,9,5380,22,999,2.600000038743019,0.2504927553901658,,0.0,0.0,0.00012227811255797861
96380,895,9,6380,23,999,2.650000039488077,0.24999176987938546,,0.0,0.0,9.710642809295677e-05
97380,896,9,7380,24,999,2.600000038743019,0.24949178633962668,,0.0,0.0,7.76465569742868e-05
98380,897,9,8380,25,999,2.650000039488077,0.24899280276694744,,0.0,0.0,9.273065894376487e-05
99380,898,9,9380,26,999,2.600000038743019,0.24849481716141353,,0.0,0.0,0.00010196629574238614
100000,899,9,10000,27,620,1.650000024586916,0.2479978275270907,,0.0,0.0,9.739001639900379e-05
101000,900,10,1000,1,999,2.600000038743019,0.24750183187203653,,0.0,0.0,9.289941413044289e-05
102000,901,10,2000,2,999,2.600000038743019,0.24700682820829245,,0.0,0.0,7.583605839045048e-05
103000,902,10,3000,3,999,2.650000039488077,0.24651281455187588,,0.0,0.0,0.0001000015952558897
104000,903,10,4000,4,999,2.600000038743019,0.24601978892277213,,0.0,0.0,8.485708394800895e-05
105000,904,10,5000,5,999,2.650000039488077,0.24552774934492658,,0.0,0.0,7.692790801229421e-05
106000,905,10,6000,6,999,2.600000038743019,0.24503669384623672,,0.0,0.0,7.948322915126483e-05
107000,906,10,7000,7,999,2.600000038743019,0.24454662045854425,,0.0,0.0,8.555872778742924e-05
108000,907,10,8000,8,999,2.650000039488077,0.24405752721762716,,0.0,0.0,7.413005300350051e-05
108770,908,10,8770,9,769,2.0000000298023224,0.24356941216319192,,0.0,0.0,5.891763050840382e-05
108879,909,10,8879,10,108,0.2500000037252903,0.24308227333886553,,0.0,0.0,7.941147758174339e-05
108942,910,10,8942,11,62,0.15000000223517418,0.2425961087921878,,0.0,0.0,8.457109220671554e-05
108973,911,10,8973,12,30,0.05000000074505806,0.24211091657460343,,0.0,0.0,9.462642934977338e-05
109750,912,10,9750,13,776,2.0000000298023224,0.24162669474145423,,0.0,0.0,9.052898943537002e-05
109782,913,10,9782,14,31,0.05000000074505806,0.24114344135197133,,0.0,0.0,9.089472632240359e-05
109812,914,10,9812,15,29,0.05000000074505806,0.2406611544692674,,0.0,0.0,9.24867001367602e-05
109861,915,10,9861,16,48,0.10000000149011612,0.24017983216032884,,0.0,0.0,9.077022849396599e-05
109891,916,10,9891,17,29,0.05000000074505806,0.23969947249600818,,0.0,0.0,8.090884586181346e-05
109905,917,10,9905,18,13,0.0,0.23922007355101615,,0.0,0.0,8.261234470410272e-05
109935,918,10,9935,19,29,0.05000000074505806,0.23874163340391413,,0.0,0.0,8.167193025656161e-05
109984,919,10,9984,20,48,0.05000000074505806,0.2382641501371063,,0.0,0.0,8.388807203118631e-05
110000,920,10,10000,21,16,0.0,0.23778762183683208,,0.0,0.0,7.861988366130391e-05
111000,921,11,1000,1,999,2.650000039488077,0.2373120465931584,,0.0,0.0,0.00011472957745354506
112000,922,11,2000,2,999,2.600000038743019,0.23683742249997208,,0.0,0.0,0.00010033565049070603
112068,923,11,2068,3,67,0.20000000298023224,0.23636374765497215,,0.0,0.0,9.132570274687168e-05
112119,924,11,2119,4,50,0.10000000149011612,0.2358910201596622,,0.0,0.0,9.558079580983759e-05
112150,925,11,2150,5,30,0.05000000074505806,0.23541923811934287,,0.0,0.0,0.00010904605113864818
112181,926,11,2181,6,30,0.05000000074505806,0.23494839964310418,,0.0,0.0,9.785814047972963e-05
112211,927,11,2211,7,29,0.05000000074505806,0.23447850284381797,,0.0,0.0,8.266471368187923e-05
112242,928,11,2242,8,30,0.05000000074505806,0.23400954583813033,,0.0,0.0,8.339900785358622e-05
112272,929,11,2272,9,29,0.05000000074505806,0.23354152674645406,,0.0,0.0,8.291090456623351e-05
113272,930,11,3272,10,999,2.600000038743019,0.23307444369296115,,0.0,0.0,7.792657634126954e-05
114272,931,11,4272,11,999,2.650000039488077,0.23260829480557524,,0.0,0.0,8.706829817128892e-05
115272,932,11,5272,12,999,2.600000038743019,0.23214307821596408,,0.0,0.0,8.329649655024696e-05
115292,933,11,5292,13,19,0.05000000074505806,0.23167879205953215,,0.0,0.0,8.406012534578622e-05
115416,934,11,5416,14,123,0.30000000447034836,0.2312154344754131,,0.0,0.0,8.485812541039194e-05
115430,935,11,5430,15,13,0.0,0.23075300360646228,,0.0,0.0,8.607892521467875e-05
115481,936,11,5481,16,50,0.10000000149011612,0.23029149759924936,,0.0,0.0,9.735836325489799e-05
115510,937,11,5510,17,28,0.05000000074505806,0.22983091460405086,,0.0,0.0,0.00010331421965020126
115525,938,11,5525,18,14,0.0,0.22937125277484277,,0.0,0.0,9.995581629482331e-05
115701,939,11,5701,19,175,0.45000000670552254,0.22891251026929307,,0.0,0.0,9.355970027172589e-05
115920,940,11,5920,20,218,0.5500000081956387,0.22845468524875448,,0.0,0.0,9.42417219721392e-05
116138,941,11,6138,21,217,0.5500000081956387,0.22799777587825698,,0.0,0.0,9.293285823332554e-05
116551,942,11,6551,22,412,1.0500000156462193,0.22754178032650046,,0.0,0.0,9.367339359414473e-05
116601,943,11,6601,23,49,0.10000000149011612,0.22708669676584747,,0.0,0.0,9.330725847576105e-05
117012,944,11,7012,24,410,1.0000000149011612,0.2266325233723158,,0.0,0.0,9.633265149204817e-05
117307,945,11,7307,25,294,0.7000000104308128,0.22617925832557115,,0.0,0.0,9.64618606485601e-05
117411,946,11,7411,26,103,0.2500000037252903,0.22572689980892,,0.0,0.0,9.605153117263399e-05
117477,947,11,7477,27,65,0.15000000223517418,0.22527544600930216,,0.0,0.0,7.741230419014755e-05
117520,948,11,7520,28,42,0.05000000074505806,0.22482489511728357,,0.0,0.0,8.706232732038189e-05
117822,949,11,7822,29,301,0.7500000111758709,0.224375245327049,,0.0,0.0,0.00010871398829294776
117853,950,11,7853,30,30,0.05000000074505806,0.2239264948363949,,0.0,0.0,0.00010402203157354962
118853,951,11,8853,31,999,2.550000037997961,0.22347864184672211,,0.0,0.0,9.638529020776332e-05
119853,952,11,9853,32,999,2.650000039488077,0.22303168456302866,,0.0,0.0,9.189724092721007e-05
120000,953,11,10000,33,147,0.3500000052154064,0.2225856211939026,,0.0,0.0,8.952277175467316e-05
120511,954,12,511,1,510,1.3000000193715096,0.2221404499515148,,0.0,0.0,9.561703056533588e-05
121511,955,12,1511,2,999,2.600000038743019,0.22169616905161177,,0.0,0.0,9.180150461361336e-05
122429,956,12,2429,3,917,2.350000035017729,0.22125277671350854,,0.0,0.0,9.386553943841136e-05
123429,957,12,3429,4,999,2.600000038743019,0.22081027116008153,,0.0,0.0,9.077136542146036e-05
123715,958,12,3715,5,285,0.7000000104308128,0.22036865061776137,,0.0,0.0,0.00010259238198159437
124090,959,12,4090,6,374,0.9500000141561031,0.21992791331652584,,0.0,0.0,0.0001120000400715071
125090,960,12,5090,7,999,2.600000038743019,0.21948805748989278,,0.0,0.0,9.615258165467821e-05
126063,961,12,6063,8,972,2.450000036507845,0.219049081374913,,0.0,0.0,0.0001191561496216309
126793,962,12,6793,9,729,1.9000000283122063,0.21861098321216316,,0.0,0.0,7.854803888676542e-05
127793,963,12,7793,10,999,2.600000038743019,0.21817376124573884,,0.0,0.0,8.186743770693283e-05
128793,964,12,8793,11,999,2.600000038743019,0.21773741372324737,,0.0,0.0,7.527127099820064e-05
129467,965,12,9467,12,673,1.750000026077032,0.21730193889580088,,0.0,0.0,8.69305120431818e-05
129570,966,12,9570,13,102,0.20000000298023224,0.21686733501800928,,0.0,0.0,9.823555639286496e-05
129718,967,12,9718,14,147,0.3500000052154064,0.21643360034797327,,0.0,0.0,7.091447647326276e-05
129860,968,12,9860,15,141,0.30000000447034836,0.21600073314727733,,0.0,0.0,8.305168194056023e-05
129910,969,12,9910,16,49,0.05000000074505806,0.21556873168098278,,0.0,0.0,8.191598250959941e-05
130000,970,12,10000,17,90,0.20000000298023224,0.21513759421762083,,0.0,0.0,0.00010037049048150948
130203,971,13,203,1,202,0.5500000081956387,0.21470731902918558,,0.0,0.0,8.839855036967493e-05
130294,972,13,294,2,90,0.20000000298023224,0.2142779043911272,,0.0,0.0,7.979046350556018e-05
130348,973,13,348,3,53,0.10000000149011612,0.21384934858234494,,0.0,0.0,7.623886740475428e-05
130969,974,13,969,4,620,1.600000023841858,0.21342164988518025,,0.0,0.0,8.629091586044524e-05
131969,975,13,1969,5,999,2.600000038743019,0.2129948065854099,,0.0,0.0,7.338099678236176e-05
132969,976,13,2969,6,999,2.600000038743019,0.2125688169722391,,0.0,0.0,7.126147416784078e-05
133969,977,13,3969,7,999,2.650000039488077,0.21214367933829462,,0.0,0.0,6.686207500933961e-05
134030,978,13,4030,8,60,0.10000000149011612,0.21171939197961803,,0.0,0.0,6.828078787293634e-05
134232,979,13,4232,9,201,0.5000000074505806,0.2112959531956588,,0.0,0.0,7.713775848969818e-05
134264,980,13,4264,10,31,0.05000000074505806,0.21087336128926748,,0.0,0.0,9.068458535693935e-05
134449,981,13,4449,11,184,0.45000000670552254,0.21045161456668895,,0.0,0.0,7.051751164908637e-05
134631,982,13,4631,12,181,0.45000000670552254,0.21003071133755558,,0.0,0.0,7.25490716558852e-05
134847,983,13,4847,13,215,0.5500000081956387,0.20961064991488046,,0.0,0.0,7.517547887800902e-05
135135,984,13,5135,14,287,0.7000000104308128,0.2091914286150507,,0.0,0.0,9.327190694421006e-05
135467,985,13,5467,15,331,0.850000012665987,0.20877304575782057,,0.0,0.0,7.58967517867859e-05
136085,986,13,6085,16,617,1.5500000230967999,0.20835549966630493,,0.0,0.0,6.407645673789375e-05
136437,987,13,6437,17,351,0.9000000134110451,0.20793878866697232,,0.0,0.0,7.359853288107842e-05
136478,988,13,6478,18,40,0.05000000074505806,0.20752291108963838,,0.0,0.0,7.209087440969597e-05
136596,989,13,6596,19,117,0.2500000037252903,0.2071078652674591,,0.0,0.0,8.188791098291403e-05
136685,990,13,6685,20,88,0.15000000223517418,0.2066936495369242,,0.0,0.0,7.279870786078391e-05
137685,991,13,7685,21,999,2.600000038743019,0.20628026223785037,,0.0,0.0,9.958499548702093e-05
138685,992,13,8685,22,999,2.650000039488077,0.20586770171337468,,0.0,0.0,6.089881449952372e-05
139105,993,13,9105,23,419,1.1000000163912773,0.20545596630994792,,0.0,0.0,8.028433653635147e-05
140000,994,13,10000,24,895,2.350000035017729,0.20504505437732803,,0.0,0.0,7.560295517578197e-05
141000,995,14,1000,1,999,2.600000038743019,0.2046349642685734,,0.0,0.0,7.934214904253167e-05
141814,996,14,1814,2,813,2.1500000320374966,0.20422569434003623,,0.0,0.0,6.865012602247589e-05
142814,997,14,2814,3,999,2.600000038743019,0.20381724295135617,,0.0,0.0,6.555073034633096e-05
143814,998,14,3814,4,999,2.650000039488077,0.20340960846545345,,0.0,0.0,7.755109390018333e-05
144814,999,14,4814,5,999,2.600000038743019,0.20300278924852252,,0.0,0.0,6.720149617194692e-05
145814,1000,14,5814,6,999,2.650000039488077,0.20259678367002548,,0.0,0.0,5.681344548065681e-05
146814,1001,14,6814,7,999,2.600000038743019,0.20219159010268542,,0.0,0.0,4.996984094759682e-05
147814,1002,14,7814,8,999,2.650000039488077,0.20178720692248006,,0.0,0.0,5.6079936230162274e-05
148814,1003,14,8814,9,999,2.600000038743019,0.2013836325086351,,0.0,0.0,6.009038132560818e-05
149814,1004,14,9814,10,999,2.600000038743019,0.20098086524361783,,0.0,0.0,6.602579377613437e-05
150000,1005,14,10000,11,186,0.5000000074505806,0.2005789035131306,,0.0,0.0,4.8040863885034926e-05
